"('A',)","('B',)","('C',)","('D',)","('E',)","('F',)","('G',)","('A', 'B')","('A', 'C')","('A', 'D')","('A', 'E')","('A', 'F')","('A', 'G')","('B', 'C')","('B', 'D')","('B', 'E')","('B', 'F')","('B', 'G')","('C', 'D')","('C', 'E')","('C', 'F')","('C', 'G')","('D', 'E')","('D', 'F')","('D', 'G')","('E', 'F')","('E', 'G')","('F', 'G')","('A', 'B', 'C')","('A', 'B', 'D')","('A', 'B', 'E')","('A', 'B', 'F')","('A', 'B', 'G')","('A', 'C', 'D')","('A', 'C', 'E')","('A', 'C', 'F')","('A', 'C', 'G')","('A', 'D', 'E')","('A', 'D', 'F')","('A', 'D', 'G')","('A', 'E', 'F')","('A', 'E', 'G')","('A', 'F', 'G')","('B', 'C', 'D')","('B', 'C', 'E')","('B', 'C', 'F')","('B', 'C', 'G')","('B', 'D', 'E')","('B', 'D', 'F')","('B', 'D', 'G')","('B', 'E', 'F')","('B', 'E', 'G')","('B', 'F', 'G')","('C', 'D', 'E')","('C', 'D', 'F')","('C', 'D', 'G')","('C', 'E', 'F')","('C', 'E', 'G')","('C', 'F', 'G')","('D', 'E', 'F')","('D', 'E', 'G')","('D', 'F', 'G')","('E', 'F', 'G')","('A', 'B', 'C', 'D')","('A', 'B', 'C', 'E')","('A', 'B', 'C', 'F')","('A', 'B', 'C', 'G')","('A', 'B', 'D', 'E')","('A', 'B', 'D', 'F')","('A', 'B', 'D', 'G')","('A', 'B', 'E', 'F')","('A', 'B', 'E', 'G')","('A', 'B', 'F', 'G')","('A', 'C', 'D', 'E')","('A', 'C', 'D', 'F')","('A', 'C', 'D', 'G')","('A', 'C', 'E', 'F')","('A', 'C', 'E', 'G')","('A', 'C', 'F', 'G')","('A', 'D', 'E', 'F')","('A', 'D', 'E', 'G')","('A', 'D', 'F', 'G')","('A', 'E', 'F', 'G')","('B', 'C', 'D', 'E')","('B', 'C', 'D', 'F')","('B', 'C', 'D', 'G')","('B', 'C', 'E', 'F')","('B', 'C', 'E', 'G')","('B', 'C', 'F', 'G')","('B', 'D', 'E', 'F')","('B', 'D', 'E', 'G')","('B', 'D', 'F', 'G')","('B', 'E', 'F', 'G')","('C', 'D', 'E', 'F')","('C', 'D', 'E', 'G')","('C', 'D', 'F', 'G')","('C', 'E', 'F', 'G')","('D', 'E', 'F', 'G')","('A', 'B', 'C', 'D', 'E')","('A', 'B', 'C', 'D', 'F')","('A', 'B', 'C', 'D', 'G')","('A', 'B', 'C', 'E', 'F')","('A', 'B', 'C', 'E', 'G')","('A', 'B', 'C', 'F', 'G')","('A', 'B', 'D', 'E', 'F')","('A', 'B', 'D', 'E', 'G')","('A', 'B', 'D', 'F', 'G')","('A', 'B', 'E', 'F', 'G')","('A', 'C', 'D', 'E', 'F')","('A', 'C', 'D', 'E', 'G')","('A', 'C', 'D', 'F', 'G')","('A', 'C', 'E', 'F', 'G')","('A', 'D', 'E', 'F', 'G')","('B', 'C', 'D', 'E', 'F')","('B', 'C', 'D', 'E', 'G')","('B', 'C', 'D', 'F', 'G')","('B', 'C', 'E', 'F', 'G')","('B', 'D', 'E', 'F', 'G')","('C', 'D', 'E', 'F', 'G')","('A', 'B', 'C', 'D', 'E', 'F')","('A', 'B', 'C', 'D', 'E', 'G')","('A', 'B', 'C', 'D', 'F', 'G')","('A', 'B', 'C', 'E', 'F', 'G')","('A', 'B', 'D', 'E', 'F', 'G')","('A', 'C', 'D', 'E', 'F', 'G')","('B', 'C', 'D', 'E', 'F', 'G')","('A', 'B', 'C', 'D', 'E', 'F', 'G')"
27,26,23,32,28,26,29,20,26,23,23,19,24,14,17,13,17,24,28,22,15,18,23,31,27,21,31,24,11,5,7,2,11,20,17,12,11,12,20,10,4,16,6,4,7,2,5,4,10,11,1,10,10,22,20,16,8,12,9,7,10,24,18,2,2,0,4,1,0,1,0,3,1,12,12,6,3,7,3,1,2,3,3,4,2,0,0,4,0,0,3,7,0,9,5,15,3,3,0,0,0,0,0,0,0,1,0,0,2,2,3,1,0,0,0,0,0,0,3,0,0,0,0,0,0,0,0
28,26,23,34,30,27,28,30,22,21,26,21,15,15,16,18,20,18,26,20,20,11,30,21,21,19,30,21,12,5,14,9,6,18,11,14,6,18,11,5,7,10,8,6,5,7,2,8,8,7,7,11,10,17,14,6,7,6,5,10,10,9,13,2,2,4,0,2,4,1,3,4,2,13,9,3,4,4,1,0,3,0,3,3,3,0,2,0,1,2,5,6,1,2,3,1,1,2,2,0,0,2,0,0,0,1,0,0,0,1,0,1,0,0,0,0,0,2,0,0,0,0,0,0,0,0,0
27,27,22,30,30,26,27,27,25,22,24,26,19,17,12,20,23,20,27,15,20,14,36,18,22,24,31,19,21,7,12,21,16,13,13,24,9,25,7,6,14,13,13,3,3,15,11,11,6,5,15,16,13,12,9,9,5,7,7,12,19,5,17,1,4,22,13,4,2,2,12,8,17,12,5,1,7,4,10,1,4,0,10,0,1,0,4,2,12,5,8,2,14,0,4,1,3,6,0,1,0,6,4,19,0,1,0,12,0,0,0,6,0,0,0,0,3,4,0,0,0,0,6,0,0,0,0
26,25,23,29,27,25,30,27,34,20,23,21,21,22,16,20,24,21,12,14,14,17,31,22,18,21,34,22,30,5,12,23,16,7,13,12,19,17,5,3,14,14,12,2,7,6,12,10,7,6,18,18,12,7,8,1,9,9,6,14,19,6,18,1,5,6,16,2,2,0,15,8,12,5,3,0,8,5,6,6,1,0,8,1,0,1,4,6,1,4,7,2,14,4,1,0,4,6,0,0,0,4,4,1,2,0,0,10,3,0,0,4,0,0,1,0,3,2,0,0,0,0,3,0,0,0,0
28,26,23,31,28,24,28,28,28,19,22,14,16,24,23,20,17,19,11,15,12,14,32,24,26,26,28,16,23,9,13,5,8,5,9,8,6,13,4,6,10,10,7,10,13,3,7,21,15,12,7,11,5,12,6,5,7,14,6,18,21,4,16,2,3,1,3,5,2,4,3,5,1,3,3,0,5,2,0,4,3,0,5,18,0,4,0,6,0,6,11,0,2,3,8,1,5,3,0,0,0,0,1,0,2,4,0,0,3,0,0,0,0,0,8,0,0,0,0,0,0,0,0,0,0,0,0
26,23,22,29,28,21,29,19,26,20,25,11,13,22,21,17,14,20,8,14,8,20,35,35,31,20,32,19,16,11,14,2,6,1,10,3,5,19,8,8,8,14,6,5,10,5,14,21,15,9,6,13,4,9,7,5,5,11,6,19,23,22,13,0,9,2,1,13,0,8,0,7,0,0,0,0,1,1,0,6,11,3,6,6,3,0,3,5,0,7,11,6,3,6,5,0,0,10,0,0,0,0,0,0,0,10,0,0,0,0,0,0,4,4,0,0,0,3,0,0,0,0,0,0,0,0,0
23,24,24,30,28,22,31,21,22,19,20,11,13,26,28,20,13,21,8,19,6,23,36,42,27,24,35,24,13,16,12,3,5,2,12,1,10,19,12,12,6,14,6,2,19,3,25,22,17,9,6,13,6,3,2,2,2,20,3,28,21,32,17,0,10,0,6,9,4,2,1,3,2,1,0,2,0,8,0,7,13,13,5,1,1,0,1,15,3,7,2,7,0,1,2,0,0,17,0,0,0,0,4,0,0,0,4,0,0,2,0,0,8,1,0,0,0,0,0,0,0,0,0,0,0,0,0
21,25,23,30,30,23,34,17,18,24,21,15,11,23,21,19,18,21,13,29,7,31,40,41,30,26,44,24,14,18,14,10,3,16,18,5,5,16,13,10,9,7,6,8,13,4,14,18,15,6,8,12,6,9,1,8,7,54,6,34,28,22,18,15,15,2,1,13,3,0,2,1,3,11,1,6,3,5,0,7,7,9,0,6,2,0,2,10,2,12,0,0,0,1,6,0,8,17,11,2,0,2,1,0,2,0,0,0,1,6,0,0,0,2,0,0,0,0,0,2,0,0,0,0,0,0,0
21,28,24,30,31,22,34,16,23,26,22,12,18,21,27,23,17,20,17,33,7,31,34,33,26,25,47,15,14,16,12,8,4,23,14,5,12,21,11,11,10,11,7,12,15,2,6,15,17,9,11,6,3,11,1,6,6,43,4,28,26,14,19,18,11,3,1,9,3,3,6,1,3,13,1,5,5,5,3,7,6,1,2,8,0,0,2,2,1,7,3,2,2,0,4,0,3,22,10,0,0,3,1,1,2,0,1,1,0,4,0,1,0,0,0,0,1,1,0,0,0,0,1,0,0,0,0
21,29,24,31,32,24,33,16,22,22,20,22,21,24,31,30,25,18,23,29,14,32,35,36,32,25,30,23,18,16,11,14,9,21,13,10,16,16,18,18,12,13,13,23,14,9,15,25,28,17,13,11,10,17,10,21,6,30,7,25,17,22,8,20,9,10,10,10,15,10,6,8,8,15,7,18,2,9,4,10,13,11,8,13,12,18,4,7,4,12,12,13,6,3,11,6,2,11,10,10,10,1,7,2,8,10,8,5,0,12,1,1,9,3,7,6,2,10,2,0,8,0,1,8,0,2,0
20,32,24,31,32,28,29,23,25,27,21,22,17,26,34,28,28,27,27,28,17,28,34,35,32,23,35,20,18,23,11,15,10,20,19,6,15,19,20,18,11,13,12,28,17,22,15,30,32,25,15,18,16,17,20,24,10,21,10,20,21,16,11,19,6,6,9,12,15,13,3,6,5,10,5,13,0,8,2,8,9,9,6,15,34,15,14,10,9,22,17,15,6,13,8,8,6,10,3,6,10,0,5,0,6,6,5,2,0,1,1,0,6,24,7,12,8,12,6,0,0,0,0,4,0,12,0
22,31,24,33,33,26,27,30,23,33,26,17,20,23,33,28,30,29,39,25,23,28,39,40,29,27,30,19,20,39,26,16,14,31,17,15,17,27,18,15,14,15,9,42,19,25,10,31,32,17,17,19,17,32,41,27,20,15,22,23,24,23,14,29,16,14,7,29,13,10,10,8,8,14,18,15,10,7,9,4,9,7,8,37,47,13,19,8,15,20,16,12,7,33,16,35,17,18,14,15,7,9,7,6,2,7,6,6,5,5,9,5,5,39,13,20,10,11,26,2,7,6,5,5,5,19,5
24,29,26,32,31,26,26,33,26,27,26,13,23,27,32,21,31,26,33,23,23,17,35,36,20,25,26,26,23,23,20,20,20,34,16,4,15,21,8,13,6,21,7,35,16,27,16,19,32,19,14,8,30,20,28,18,10,8,22,22,15,20,16,27,17,3,9,18,7,9,7,8,12,22,3,8,1,8,0,5,11,2,3,16,42,23,8,4,23,11,7,27,12,5,5,28,10,11,24,1,6,2,4,0,5,5,2,3,0,2,0,0,1,4,5,43,4,11,8,0,2,0,0,1,0,8,0
23,31,25,31,30,28,28,27,22,20,20,11,28,24,28,22,28,27,26,25,17,22,40,35,15,27,23,20,14,15,9,8,20,16,16,4,16,12,5,8,4,15,7,14,15,8,13,15,20,16,11,7,17,12,9,11,11,14,7,30,6,10,6,6,7,1,6,5,1,5,1,4,4,10,0,3,2,14,0,1,6,1,2,9,5,6,5,4,0,5,3,13,1,2,4,0,2,0,5,0,0,1,2,0,1,3,0,0,0,2,0,0,0,2,2,0,0,0,0,0,0,0,0,0,0,0,0
23,31,25,30,31,29,29,23,15,22,18,12,27,23,30,25,28,28,22,22,18,30,40,35,17,22,26,11,5,15,14,5,13,3,4,5,15,12,6,9,0,12,4,15,16,13,25,23,13,13,15,10,8,15,10,11,11,7,3,18,16,2,3,0,2,0,6,11,0,3,0,7,0,0,0,0,0,3,3,0,4,1,0,9,7,8,11,0,1,7,6,1,0,4,6,0,0,0,0,0,0,0,0,0,0,3,0,0,0,0,0,0,0,4,0,0,0,0,0,0,0,0,0,0,0,0,0
28,30,27,30,30,28,29,24,28,29,23,23,21,27,28,28,30,30,23,18,20,33,46,29,22,20,32,10,17,10,16,12,15,15,13,14,27,32,21,9,11,2,2,19,12,19,30,24,22,9,13,9,4,19,27,6,10,10,3,33,17,4,11,9,9,8,20,16,9,0,7,3,0,13,22,2,9,0,1,29,3,1,0,20,27,0,12,0,2,22,5,0,0,28,1,2,0,8,13,15,0,9,0,0,19,0,0,0,25,0,1,0,0,32,0,0,0,0,0,25,0,0,0,0,0,0,0
27,30,27,31,27,26,30,24,32,30,17,29,24,27,18,15,24,27,25,16,23,31,40,36,24,15,23,11,29,10,7,13,20,26,9,27,23,19,34,17,7,10,9,10,7,11,22,18,5,10,5,4,5,11,27,8,3,13,6,21,12,11,7,7,6,7,18,9,3,7,3,3,3,10,34,10,3,4,12,16,5,12,1,4,1,4,1,1,2,5,4,3,1,7,0,6,0,6,4,1,4,1,1,4,5,3,2,1,7,0,12,0,2,1,0,0,0,2,0,1,0,0,0,2,0,0,0
28,30,25,28,25,24,30,24,25,26,20,26,22,25,18,14,19,26,15,10,17,19,34,24,27,14,27,20,20,10,6,11,14,4,4,12,14,17,23,13,10,8,11,4,5,13,11,5,5,8,3,7,8,6,9,11,0,12,7,16,18,19,5,2,5,4,11,1,3,5,1,4,0,0,5,4,0,3,5,14,6,13,4,0,0,2,0,4,2,2,0,2,1,0,6,7,0,6,0,0,2,0,4,0,1,0,0,0,0,0,5,0,6,0,0,0,0,0,0,0,0,0,0,0,0,0,0
24,30,24,28,24,25,30,22,14,27,19,16,22,20,16,15,22,21,12,11,15,18,32,24,43,19,31,21,7,11,9,8,8,3,4,6,7,30,15,21,13,12,7,1,2,10,3,5,13,17,6,7,10,9,5,13,6,11,8,22,30,36,16,0,2,4,1,7,6,9,1,0,2,4,2,3,4,3,2,13,15,12,6,0,0,1,1,0,2,1,0,12,4,7,9,5,5,24,0,0,0,1,0,0,1,0,4,0,4,4,2,3,10,0,0,0,0,0,6,0,0,0,0,0,4,0,0
27,30,23,28,23,26,31,26,23,28,21,19,28,23,25,10,21,22,14,11,15,14,27,22,48,21,29,22,15,23,10,14,15,5,5,5,4,25,13,39,8,18,12,5,2,11,2,8,16,25,8,5,10,13,9,15,5,11,4,15,32,23,17,2,2,4,1,15,16,21,2,1,8,3,3,7,1,3,2,3,22,16,6,2,4,2,1,1,1,4,3,16,4,8,17,4,4,12,2,2,2,1,1,1,3,2,16,1,2,6,4,2,5,2,2,2,1,2,4,2,2,2,1,2,4,2,2
24,29,22,28,24,26,32,29,17,21,13,23,29,28,21,12,20,31,14,11,18,15,26,29,40,23,25,21,17,19,3,13,29,6,5,6,7,15,16,32,17,12,15,14,4,14,15,8,9,32,5,8,6,8,7,14,5,6,9,22,19,16,11,7,0,2,11,3,7,35,2,2,5,3,3,10,3,2,1,18,8,15,12,4,7,22,2,3,3,4,4,5,1,2,3,4,3,9,0,2,17,0,0,2,3,0,6,0,1,1,2,0,11,2,3,4,1,1,1,0,0,2,0,0,0,1,0
24,30,23,27,26,26,33,25,26,18,13,19,32,23,26,19,20,34,14,15,20,21,29,29,31,18,22,28,11,7,6,12,21,8,10,16,21,14,13,16,10,10,21,16,8,17,25,12,18,25,8,13,21,13,11,19,9,9,21,16,11,13,4,0,2,8,15,2,5,3,3,4,10,8,6,3,6,8,20,10,5,5,5,3,15,29,6,7,25,5,6,17,2,6,5,14,6,3,0,0,0,0,2,10,2,0,2,0,6,2,2,7,2,2,5,25,3,1,3,0,0,0,0,0,2,1,0
22,29,23,25,26,23,33,27,28,17,15,14,27,27,19,22,17,36,11,13,17,20,32,21,32,14,30,28,22,13,7,9,32,13,8,14,20,12,10,22,7,12,13,11,9,14,30,11,11,22,6,12,14,4,7,12,5,7,19,12,20,18,8,11,3,9,24,2,9,19,4,6,6,7,8,13,6,8,15,6,10,9,6,2,5,16,4,6,11,2,5,10,3,3,4,6,5,7,3,9,13,5,3,7,4,2,6,4,5,7,8,6,6,3,2,5,4,2,3,5,3,7,5,4,5,3,5
21,30,24,27,25,25,34,28,26,16,10,10,27,27,18,19,21,33,8,11,17,19,30,16,25,13,32,30,25,11,6,9,27,6,2,10,20,7,4,17,1,9,12,4,4,19,20,11,10,15,6,12,20,6,2,4,2,2,13,14,16,7,11,4,1,12,23,0,2,9,0,6,15,0,4,6,1,0,8,0,6,3,0,2,1,2,0,0,19,9,4,2,0,0,0,0,2,3,0,2,2,0,0,19,0,0,2,0,0,0,0,0,0,0,0,0,0,0,0,0,0,0,0,0,0,0,0
21,30,25,27,25,25,34,27,23,18,10,4,23,32,17,17,23,29,3,11,11,19,32,12,28,24,31,34,17,7,9,4,21,3,6,2,14,9,0,10,1,6,4,1,7,12,16,13,7,8,13,9,17,1,0,2,6,4,10,12,22,9,26,2,4,1,11,3,0,1,1,5,2,0,0,1,1,2,1,0,6,0,0,0,0,1,3,1,11,8,5,2,5,0,0,0,4,4,0,0,0,1,0,0,0,1,0,0,0,0,0,0,0,0,0,0,2,2,0,0,0,0,0,0,0,0,0
20,29,26,27,24,24,33,26,23,18,11,5,22,31,18,19,17,24,5,19,18,22,28,24,29,25,22,23,17,8,6,2,16,9,9,7,11,9,0,6,2,7,2,3,11,14,11,12,12,10,11,9,9,3,0,2,14,7,7,26,20,17,12,4,4,0,5,1,0,4,2,3,0,3,0,0,4,3,4,0,5,0,2,1,0,0,4,2,2,10,8,5,2,0,2,0,7,11,0,0,0,0,0,0,0,3,0,0,0,0,0,4,0,0,0,0,2,2,0,0,0,0,0,0,0,0,0
20,29,27,27,24,24,29,27,26,18,9,8,18,27,20,17,14,20,10,16,18,22,30,33,25,15,21,19,20,13,9,4,16,10,11,8,16,10,3,5,3,6,1,4,10,11,5,9,16,15,5,7,10,2,5,4,5,10,3,25,19,23,7,3,6,7,4,9,1,3,1,4,0,1,4,2,2,7,1,0,4,0,0,0,4,1,0,0,1,6,7,15,2,0,3,1,0,11,0,2,0,0,0,0,0,3,0,0,0,1,0,0,0,0,0,1,0,4,0,0,0,0,0,0,0,0,0
22,26,25,24,24,24,30,28,27,14,14,8,15,17,14,19,15,24,17,11,12,24,34,26,31,21,19,22,17,12,14,5,17,14,12,9,18,6,1,10,5,5,2,7,5,7,13,14,5,11,6,7,13,3,4,16,3,6,8,24,26,14,7,7,7,5,13,7,0,10,4,7,0,4,0,10,4,5,2,1,5,0,0,1,4,8,2,2,6,0,3,5,2,0,4,5,0,12,3,0,6,4,5,0,0,7,0,0,0,3,0,0,0,0,1,5,0,0,0,0,3,0,0,0,0,0,0
23,26,25,25,24,25,29,27,29,15,16,10,17,21,12,18,18,23,14,17,17,21,32,31,20,25,17,14,21,10,14,8,14,11,14,9,17,10,6,7,6,3,2,6,10,13,15,16,14,3,10,1,7,9,4,7,10,4,3,35,16,14,9,8,11,5,15,5,6,5,4,3,2,6,4,4,4,6,0,6,0,2,0,4,5,3,7,2,3,20,0,1,0,4,0,1,0,20,4,4,4,4,6,0,4,0,2,0,4,0,0,0,0,5,0,0,0,0,0,4,0,0,0,0,0,0,0
25,25,25,25,25,26,28,24,35,12,16,10,19,20,10,19,24,19,15,14,19,18,30,29,20,31,13,8,21,4,14,9,10,16,11,15,19,7,7,9,5,5,4,6,9,16,6,9,7,5,22,6,3,7,4,12,12,5,5,21,11,10,6,5,5,7,10,1,3,2,5,3,2,6,10,12,3,5,11,3,3,6,3,2,2,2,10,1,3,5,4,2,3,1,4,4,1,5,1,4,4,0,2,4,0,0,2,0,3,3,10,3,3,0,0,2,0,2,1,0,0,4,0,0,3,0,0
25,25,24,25,23,24,29,22,27,10,17,8,16,20,13,14,17,19,12,19,15,13,28,39,20,26,16,7,18,2,11,3,8,6,10,9,15,8,4,4,8,9,4,1,13,5,5,8,11,6,9,4,4,6,5,5,7,4,2,28,11,6,8,0,6,2,8,0,0,1,2,1,2,6,3,1,3,4,4,6,1,0,3,1,0,0,4,0,1,6,2,1,3,3,2,0,0,8,0,0,0,0,0,2,0,0,0,0,3,1,0,0,0,0,0,0,0,2,0,0,0,0,0,0,0,0,0
24,23,28,25,22,24,28,22,27,15,14,7,13,21,12,15,15,18,10,14,10,14,32,41,16,18,22,13,20,8,9,4,7,4,10,8,5,11,1,5,5,5,5,4,11,4,11,8,9,6,6,8,6,10,2,1,7,6,3,24,15,9,10,2,8,4,4,4,0,5,3,0,0,4,0,0,4,1,2,1,0,0,4,4,1,1,6,4,0,4,4,2,1,5,1,0,1,4,3,0,0,4,0,0,0,0,0,0,0,0,0,1,0,3,1,0,0,1,0,0,0,0,0,0,0,0,0
23,21,26,24,23,25,25,21,25,15,4,5,22,19,12,11,19,18,11,18,10,16,24,32,15,21,14,18,17,7,2,6,14,4,5,4,11,4,1,9,0,2,1,4,8,7,11,7,10,8,16,9,10,12,6,1,11,5,1,15,8,14,10,2,1,5,9,2,2,7,0,1,1,2,0,1,0,2,0,0,1,0,0,5,2,1,9,4,0,3,5,6,9,8,1,0,0,3,2,0,1,0,1,0,0,1,0,0,0,1,0,0,0,3,1,0,0,3,0,0,1,0,0,0,0,0,0
24,20,25,23,24,23,24,17,24,16,11,7,18,11,13,12,21,17,15,15,11,19,26,15,19,24,15,17,10,8,5,2,13,7,7,2,11,3,1,5,4,5,1,1,2,1,6,5,7,12,21,8,13,9,6,4,8,7,2,9,8,13,10,1,1,1,4,3,2,4,0,3,2,2,0,3,1,2,1,0,0,1,0,1,0,0,0,0,1,0,1,9,13,5,1,0,1,3,1,0,0,0,0,1,0,0,2,0,0,0,0,0,0,0,0,0,0,0,0,0,0,0,0,0,0,0,0
22,22,23,26,26,26,24,21,28,16,15,18,11,12,16,9,19,12,24,16,16,15,28,27,13,28,14,17,17,5,8,9,5,18,8,14,9,8,10,4,24,3,4,5,2,4,6,3,12,5,8,3,5,20,24,7,14,5,5,20,10,12,6,2,2,6,6,1,1,1,10,2,1,10,14,5,7,3,4,7,3,6,2,0,2,2,0,2,2,0,0,5,0,25,6,8,3,12,0,2,2,0,2,2,0,0,1,0,11,3,5,1,5,0,0,2,0,0,9,0,0,2,0,0,3,0,0
22,21,23,26,28,25,23,20,32,15,17,17,10,14,13,17,22,12,22,18,22,15,29,38,16,29,14,18,20,4,10,9,4,20,18,17,14,14,26,5,14,1,4,2,5,4,5,7,16,6,16,2,8,19,36,9,18,5,9,26,6,17,9,2,9,6,7,4,6,0,6,0,1,15,26,8,12,2,6,16,3,10,2,2,4,0,2,0,1,9,0,4,0,22,7,14,6,7,2,4,0,2,0,1,6,0,0,0,16,5,11,3,4,4,0,0,0,0,9,4,0,0,0,0,6,0,0
17,23,24,27,29,28,24,15,33,10,10,13,16,16,12,17,20,18,20,17,21,17,28,46,14,28,19,19,20,2,4,4,8,13,11,18,17,4,18,5,2,3,3,3,7,5,10,10,13,5,12,8,10,13,25,5,10,5,8,35,8,9,11,2,7,4,9,2,6,0,2,1,0,6,16,3,2,3,5,4,0,4,0,3,6,1,3,3,0,10,3,3,3,12,2,3,0,8,2,6,0,2,2,0,4,0,0,0,4,0,3,0,0,4,1,0,0,2,0,4,0,0,0,0,0,0,0
18,21,21,28,30,27,27,18,23,10,15,7,15,15,11,16,16,16,17,12,9,14,30,43,12,32,24,16,13,2,11,0,7,5,9,4,8,4,7,6,2,7,1,0,3,4,4,13,12,6,13,8,5,6,6,1,1,4,2,48,10,3,11,0,4,0,2,2,0,2,0,4,0,0,0,0,0,2,1,1,2,0,0,0,0,0,0,0,0,20,4,1,0,1,1,0,0,3,0,0,0,0,0,0,0,2,0,0,0,0,0,0,0,0,0,0,0,0,0,0,0,0,0,0,0,0,0
17,19,22,26,29,27,26,18,21,7,20,6,13,14,10,17,15,12,14,15,9,17,24,37,14,30,19,15,12,3,12,7,7,4,9,1,9,8,3,3,5,4,4,3,6,3,8,13,5,4,12,7,3,9,7,3,4,4,3,34,7,7,11,0,2,1,9,5,0,0,6,2,1,4,0,0,1,2,1,0,0,2,2,2,0,2,1,3,1,6,4,1,2,5,0,0,0,4,0,0,0,0,2,1,0,0,0,0,0,0,0,0,0,0,0,0,0,2,0,0,0,0,0,0,0,0,0
16,20,21,24,30,25,29,19,15,9,16,8,9,17,15,18,18,11,9,12,16,16,24,39,14,33,25,16,14,5,14,12,5,2,9,7,7,4,2,4,5,4,0,5,9,12,8,17,20,5,16,6,1,6,16,0,7,5,2,40,7,3,17,0,9,10,6,3,3,0,8,3,0,0,0,0,4,4,0,0,0,0,0,3,13,0,9,5,0,22,4,2,2,12,0,0,0,6,0,0,0,7,3,0,0,0,0,0,0,0,0,0,0,12,0,0,0,4,0,0,0,0,0,0,0,0,0
17,18,21,25,29,22,30,10,10,5,15,8,13,16,13,18,14,11,12,13,11,17,30,41,15,26,30,9,4,1,5,5,7,3,5,5,2,2,0,1,6,8,3,10,9,4,7,14,17,2,11,7,1,7,8,1,5,6,0,39,9,6,6,1,2,0,1,0,0,0,4,5,3,1,0,0,2,1,0,0,0,0,3,8,8,1,4,3,0,18,1,0,1,7,1,0,0,0,0,0,0,0,0,0,0,0,0,3,0,0,0,0,0,8,1,0,0,0,0,0,0,0,0,0,0,0,0
17,21,20,27,29,19,29,13,11,9,10,8,15,13,13,13,7,14,13,13,6,17,27,35,18,15,31,9,5,3,1,5,12,5,4,3,4,4,2,2,1,8,6,9,7,3,4,9,3,4,3,4,4,7,3,2,2,13,1,33,20,10,6,4,0,1,0,0,0,0,1,1,6,2,0,0,1,4,0,0,1,0,1,4,2,1,1,3,0,4,2,1,1,2,2,0,0,10,0,0,0,0,0,0,0,0,0,1,0,0,0,0,0,2,1,0,0,0,0,0,0,0,0,0,0,0,0
15,21,19,27,31,18,30,10,10,12,10,7,16,12,14,14,8,15,19,17,8,23,31,30,23,9,31,21,6,4,2,3,7,3,7,3,11,4,13,10,0,9,11,8,6,6,6,9,3,4,0,10,4,11,5,7,1,18,4,13,22,35,8,3,0,4,4,2,0,2,0,4,3,1,0,0,0,10,3,0,5,21,0,4,2,2,0,2,4,0,6,0,0,1,4,0,1,12,0,0,0,0,0,4,0,4,0,0,0,0,0,0,0,0,1,0,0,0,0,0,0,0,0,0,0,0,0
16,21,20,25,29,17,30,12,10,8,11,7,15,12,17,19,8,14,13,11,7,19,29,41,27,7,34,27,6,5,6,1,5,2,3,2,12,4,5,6,0,11,16,8,4,5,9,9,7,11,2,17,8,10,7,11,2,12,8,9,16,63,2,2,0,2,4,3,0,3,0,6,1,0,0,0,0,7,2,0,4,15,0,5,5,5,1,2,8,2,9,6,2,4,7,5,3,2,0,0,0,0,0,2,0,4,0,0,0,0,0,0,0,2,2,5,2,2,4,0,0,0,0,0,0,2,0
16,23,20,25,29,17,30,13,13,10,16,6,13,12,14,19,5,15,8,11,4,17,29,42,25,14,33,20,9,8,5,1,6,7,5,2,7,5,2,9,1,9,4,3,5,0,5,7,5,8,2,7,4,2,1,9,2,8,3,54,19,29,7,2,2,0,0,3,1,7,0,0,0,2,0,7,0,2,1,0,3,0,0,2,0,2,0,3,0,3,1,1,2,0,2,0,0,29,2,0,0,0,0,0,0,0,0,0,0,2,0,0,0,0,0,0,0,1,0,0,0,0,0,0,0,0,0
16,23,18,25,31,18,30,12,15,14,12,6,11,8,20,13,7,15,14,17,1,14,33,37,32,20,36,23,4,10,3,4,4,10,7,0,8,4,10,14,2,6,5,6,2,0,7,16,9,16,1,3,4,15,1,13,1,12,0,30,24,41,20,4,0,0,2,0,8,9,0,0,4,2,0,7,0,5,0,1,2,11,0,6,0,7,0,2,0,0,6,7,0,0,13,0,0,30,0,0,4,0,0,0,0,0,9,0,0,2,0,0,0,0,4,0,0,0,0,0,0,0,0,0,0,0,0
15,24,15,25,30,19,31,17,10,11,10,10,10,9,20,11,7,14,12,11,4,10,24,33,31,13,33,32,2,5,4,1,6,3,5,3,4,4,12,6,2,2,3,8,2,2,7,11,7,9,2,3,5,6,2,5,0,4,5,14,14,34,15,1,0,1,2,3,1,0,0,0,1,1,1,2,0,0,4,2,0,1,0,2,2,5,0,1,1,4,2,1,1,0,2,2,0,10,0,1,0,0,0,1,0,0,0,0,0,0,1,0,0,0,2,0,0,0,0,0,0,0,0,0,0,0,0
13,25,14,25,32,18,31,9,11,8,9,7,7,9,13,25,13,16,8,13,6,8,27,23,27,20,28,26,2,5,5,2,3,4,9,1,7,2,4,6,0,1,1,1,7,4,3,7,5,7,10,11,9,3,0,3,5,4,3,17,18,23,22,1,1,0,1,2,1,3,0,1,0,0,0,6,0,0,1,0,1,0,0,0,0,1,4,2,2,2,3,2,8,0,0,0,1,16,0,0,1,0,0,0,0,1,0,0,0,0,0,0,0,0,0,0,1,2,0,0,0,0,0,0,0,0,0
15,25,15,26,33,20,31,10,13,11,13,6,8,8,17,24,11,26,12,20,9,8,37,22,29,28,27,25,1,6,3,2,6,5,19,6,8,4,3,5,3,4,2,3,4,5,2,14,2,14,7,12,10,11,3,6,7,9,8,30,26,20,25,0,1,0,0,0,0,2,0,0,0,4,0,4,5,12,2,2,0,1,1,2,0,0,1,1,4,1,6,2,5,3,2,2,5,26,0,0,0,0,0,0,0,0,0,0,0,0,0,2,0,0,0,0,1,1,2,0,0,0,0,0,0,0,0
16,24,16,26,33,19,28,11,11,10,8,6,15,10,18,20,13,21,14,27,11,7,33,19,21,23,28,12,1,2,2,1,4,9,9,3,2,4,7,6,2,2,1,3,10,5,3,17,8,14,10,11,9,18,6,4,13,5,4,14,14,9,18,1,1,0,0,1,0,1,0,1,0,6,3,3,2,0,1,0,1,2,0,5,0,0,4,2,2,8,10,11,9,7,2,3,4,8,1,0,0,0,0,0,0,0,0,0,0,0,2,0,0,0,0,0,2,10,2,0,0,0,0,0,0,0,0
16,24,20,25,29,19,29,15,11,9,13,7,21,11,14,21,16,15,18,28,11,14,28,19,27,15,28,11,5,3,5,0,12,6,6,0,4,6,4,4,2,11,2,5,8,2,4,14,8,9,10,11,8,20,11,3,9,8,1,10,19,12,9,2,2,0,2,1,0,2,0,5,0,4,0,0,0,0,0,1,2,0,0,7,0,0,2,2,0,5,7,9,9,3,1,0,0,10,0,0,0,0,0,0,0,1,0,0,0,0,0,0,0,0,0,0,0,8,0,0,0,0,0,0,0,0,0
17,27,21,24,29,15,33,15,15,11,16,8,20,17,13,20,11,24,19,21,15,22,24,18,24,11,25,13,9,2,11,1,13,7,10,5,13,7,6,2,5,9,7,7,9,4,12,7,3,10,7,13,5,15,16,6,6,8,10,8,9,11,4,1,7,1,6,2,0,1,1,8,0,5,4,0,3,6,3,3,0,0,0,4,2,7,2,5,3,1,1,4,2,5,1,7,0,0,1,0,0,1,4,0,0,0,0,0,2,0,0,0,0,0,1,4,0,0,0,0,0,0,0,0,0,0,0
20,26,20,24,28,16,35,19,20,11,18,11,18,17,10,21,7,28,25,24,13,22,29,20,32,13,31,11,15,6,7,3,15,8,7,9,20,5,7,11,6,9,10,11,7,4,12,6,4,8,4,12,7,24,16,7,4,7,5,12,26,9,5,5,2,3,13,3,1,4,0,3,2,0,5,5,0,7,7,5,6,10,8,1,4,4,0,3,1,1,4,2,0,2,1,3,0,5,0,2,2,0,2,1,0,2,0,0,0,0,3,0,8,0,1,0,0,0,0,0,0,0,0,0,0,0,0
21,26,19,24,28,18,35,20,18,13,16,12,23,13,11,25,9,27,26,17,11,19,32,21,28,16,29,24,12,7,8,5,8,20,10,6,16,8,6,10,5,14,13,14,6,4,12,10,3,5,4,10,8,13,11,16,9,10,9,23,32,25,15,13,5,1,10,2,0,3,1,1,0,7,6,13,5,9,5,6,5,11,6,4,3,12,0,3,3,2,2,3,1,7,5,9,7,20,3,0,10,0,3,0,0,1,0,0,6,5,4,4,7,0,3,3,0,0,5,0,3,0,0,0,4,0,0
21,28,17,24,29,17,36,23,14,11,18,9,26,16,13,15,8,31,24,16,11,20,29,32,33,26,34,22,14,7,9,4,16,14,6,8,9,10,7,10,6,16,8,14,7,3,8,8,8,14,8,12,5,14,11,18,11,16,14,34,30,36,24,10,5,4,6,3,2,2,3,4,2,4,6,6,3,5,6,6,10,9,6,5,2,8,2,5,1,6,9,6,3,11,13,13,18,41,3,2,2,2,2,2,2,0,0,0,3,2,5,2,8,2,3,0,0,6,18,2,0,0,0,0,2,0,0
21,28,18,24,28,18,34,21,17,9,15,6,28,23,20,14,6,27,25,19,16,18,24,25,27,27,36,24,14,6,9,2,13,6,10,4,9,3,0,6,3,13,3,27,17,7,12,11,6,16,6,11,4,20,8,12,10,22,18,14,22,24,19,6,8,1,4,0,0,0,2,2,0,2,0,0,2,5,2,0,1,0,0,21,3,12,1,14,4,4,11,4,2,4,13,8,16,10,0,0,0,1,2,0,0,0,0,0,0,0,0,0,0,0,14,0,0,2,8,0,0,0,0,0,0,0,0
22,30,17,25,29,18,35,25,26,14,18,9,22,19,18,17,8,31,24,14,13,16,25,30,28,20,34,24,21,11,16,3,20,24,16,11,14,7,4,8,7,11,6,24,10,4,12,12,9,12,7,8,7,20,13,23,5,13,7,17,20,27,23,22,15,2,12,6,1,8,5,6,3,13,4,20,6,10,5,3,6,1,6,20,4,24,1,10,2,5,9,5,5,5,20,7,5,13,13,0,21,2,9,1,1,5,0,3,3,12,2,5,2,0,20,2,1,3,5,0,12,0,1,0,3,0,0
22,33,15,25,27,18,35,27,27,23,16,9,27,21,15,22,12,35,23,17,11,15,21,37,28,18,25,14,26,14,15,7,21,38,20,16,26,13,11,19,8,6,5,10,15,11,10,11,6,8,6,11,3,15,19,18,11,6,6,19,11,31,10,15,26,11,20,9,3,6,4,7,4,17,18,33,14,10,11,10,2,8,2,7,4,7,3,8,4,4,3,3,1,13,3,11,3,8,11,2,10,6,20,6,3,4,3,2,13,5,14,6,1,2,6,3,3,1,2,2,10,2,6,1,2,2,2
23,31,15,25,25,21,35,30,28,22,13,10,24,24,13,23,17,36,18,15,16,18,23,29,21,20,22,8,40,14,11,10,23,23,11,24,17,10,12,15,3,13,1,18,18,17,19,7,8,8,8,24,3,9,13,19,2,14,6,22,13,12,5,24,15,33,21,7,4,9,1,15,1,8,12,17,1,14,6,4,10,1,0,9,6,22,0,24,6,4,11,1,0,4,12,4,0,9,10,6,20,0,24,6,1,12,1,0,2,12,4,0,0,0,20,4,0,0,0,0,20,4,0,0,0,0,0
24,29,17,23,24,20,35,23,24,14,12,16,25,28,13,21,20,29,15,17,14,19,24,22,19,20,28,8,35,11,9,15,16,20,16,18,22,7,6,12,3,19,3,20,17,26,22,13,12,8,10,11,3,14,10,16,8,21,3,24,16,5,7,30,18,32,24,5,6,10,2,11,0,10,12,22,5,27,3,3,7,2,2,16,18,19,12,15,1,13,4,0,0,7,14,0,1,7,14,24,26,8,23,0,2,4,0,0,4,10,0,1,2,12,9,0,0,0,0,8,8,0,0,0,0,0,0
24,29,17,24,27,21,35,22,26,8,12,20,24,25,15,25,22,38,10,13,18,21,28,19,25,26,28,14,29,7,10,20,15,7,11,26,18,2,3,6,9,10,8,11,15,31,22,15,10,17,22,20,15,7,5,16,12,14,8,21,21,4,15,11,15,35,19,4,6,5,15,5,14,3,7,7,12,2,8,3,1,3,5,9,10,12,20,5,13,12,17,6,14,3,9,4,4,4,6,14,10,20,1,17,6,2,6,9,3,0,6,0,2,6,4,8,0,6,0,6,0,12,0,4,0,0,0
24,31,17,26,27,22,38,27,21,6,17,21,23,17,17,26,15,35,8,15,19,22,25,20,22,27,33,21,21,5,13,17,22,5,18,27,23,2,2,4,16,13,16,6,8,9,14,16,8,13,18,26,14,5,2,12,12,16,12,23,15,8,18,4,8,18,24,3,2,3,10,12,15,1,2,6,23,17,16,0,2,2,9,2,2,5,6,7,7,12,14,4,14,0,8,2,10,2,0,2,4,10,10,15,0,1,2,8,0,2,2,13,0,0,1,2,5,2,0,0,0,2,8,0,0,0,0
23,31,18,27,27,26,39,26,24,3,16,14,24,18,20,22,11,36,7,15,13,26,25,29,28,27,32,29,11,4,9,1,15,3,19,15,33,4,0,4,6,17,15,3,6,3,14,12,5,12,8,21,12,6,1,12,6,19,15,27,24,20,15,2,5,0,9,4,0,2,1,7,0,4,0,4,11,26,24,0,5,0,7,1,1,3,0,8,2,5,6,3,4,0,11,1,7,11,2,0,2,0,6,0,0,2,0,0,0,5,0,17,0,0,1,1,0,1,0,0,2,0,0,0,0,0,0
22,30,22,28,29,27,36,25,30,8,15,10,24,22,28,33,12,38,10,13,10,32,32,30,38,26,36,28,17,14,16,1,19,3,7,13,40,3,0,10,0,16,11,8,11,3,26,29,12,31,12,34,14,4,4,13,5,15,13,34,25,15,22,4,5,0,16,7,0,15,0,19,1,0,0,3,0,10,26,0,5,0,0,4,0,10,2,18,6,16,25,4,10,2,4,2,6,11,0,0,3,0,9,0,0,10,0,0,0,0,0,0,0,0,6,0,6,3,0,0,0,0,0,0,0,0,0
24,30,25,28,29,29,37,28,25,14,17,7,20,24,27,29,15,35,7,14,10,35,38,41,33,22,39,28,17,12,17,1,23,2,9,5,25,14,5,12,4,15,7,5,15,5,20,19,18,21,8,26,9,4,3,11,2,12,10,40,33,17,8,0,12,0,16,6,3,9,1,16,1,0,0,2,0,6,9,8,15,3,2,1,1,6,0,11,2,15,14,11,3,2,7,2,0,10,0,0,0,0,8,0,2,8,3,1,0,0,0,0,4,0,2,1,0,6,0,0,0,0,0,2,0,0,0
24,29,24,29,28,33,35,21,31,15,13,12,21,23,29,29,24,35,17,15,11,36,39,43,36,28,33,24,17,6,11,3,17,9,14,3,31,12,10,7,5,9,1,8,14,3,27,29,19,26,13,22,8,11,3,26,4,13,9,24,31,20,4,0,9,0,16,6,0,5,0,10,0,4,3,9,3,12,0,7,3,0,0,5,0,9,1,8,2,11,19,5,1,3,6,0,0,2,0,0,0,0,6,0,0,5,0,0,3,0,0,0,0,0,1,0,0,2,0,0,0,0,0,0,0,0,0
25,31,25,29,28,34,37,23,32,16,16,12,18,20,26,33,28,28,25,19,20,38,38,56,33,35,36,33,19,10,14,7,6,20,12,9,21,12,5,12,5,13,9,16,14,3,16,31,31,22,13,26,15,18,17,29,9,28,21,33,39,30,16,13,10,1,5,8,1,6,3,9,2,7,6,9,5,13,9,2,12,6,6,10,1,9,1,16,3,13,32,14,7,6,27,21,11,12,6,0,1,1,7,0,0,6,0,2,4,7,9,6,4,0,10,2,1,7,8,0,2,0,0,0,6,0,0
26,29,27,31,28,36,36,27,26,14,20,21,21,26,23,24,38,27,24,18,29,28,36,58,35,39,24,47,23,8,15,16,17,14,9,16,17,9,17,15,9,12,22,13,13,20,15,18,49,20,26,14,44,23,30,29,5,14,29,37,24,56,20,7,7,9,11,7,10,11,8,11,18,9,14,15,0,8,22,6,10,24,5,12,19,11,7,8,16,28,11,44,14,10,25,33,2,12,7,5,9,0,6,12,5,8,14,5,0,8,26,0,2,10,8,13,2,8,4,0,6,9,0,2,0,2,0
29,29,27,30,30,38,37,25,31,15,27,27,31,23,23,25,34,23,24,20,47,38,33,77,34,56,29,41,22,8,14,23,15,11,11,30,24,12,25,15,33,16,21,11,14,22,17,19,44,19,37,12,28,24,67,27,33,19,43,76,25,58,41,6,7,21,14,6,20,6,22,6,20,10,26,8,22,5,19,31,8,19,15,12,25,8,22,6,24,45,9,37,19,56,22,53,23,46,6,18,4,15,2,19,22,2,17,10,25,3,12,4,8,32,6,17,10,20,37,18,0,10,4,6,0,11,0
34,30,26,30,30,39,35,29,38,26,36,22,25,21,16,27,31,25,18,21,47,32,36,75,32,54,35,52,26,10,15,8,16,16,16,24,28,29,29,10,25,17,9,9,13,21,16,16,40,15,29,14,27,23,59,15,47,12,33,91,31,72,68,5,5,3,20,8,6,6,5,6,6,20,28,5,26,3,7,36,4,5,3,13,30,9,18,7,22,46,13,43,23,66,11,37,20,100,7,0,2,1,2,1,2,2,6,3,38,2,0,1,2,32,10,33,19,45,32,0,1,0,1,2,0,33,0
33,31,26,29,30,37,36,31,34,33,40,27,27,23,27,25,33,26,23,27,43,22,36,75,36,48,34,46,25,11,16,25,15,17,13,20,19,31,43,9,27,22,5,14,15,24,14,18,39,20,31,13,18,21,64,13,41,12,21,84,30,83,65,7,10,20,14,7,29,0,26,5,0,12,33,3,8,5,2,38,7,4,2,15,44,10,24,7,18,40,10,32,16,51,11,41,18,105,5,31,0,12,3,0,28,0,0,0,16,1,2,0,2,44,10,39,18,30,39,20,0,0,0,0,0,39,0
34,30,25,29,31,37,37,36,33,29,37,33,34,31,15,20,33,29,20,27,47,20,32,69,33,40,31,38,34,9,21,39,18,16,25,25,13,16,40,17,36,21,18,8,18,43,17,5,31,10,13,8,23,9,56,8,27,6,25,63,22,50,18,4,21,36,18,1,19,5,19,1,26,2,21,4,12,0,19,36,9,15,4,0,46,8,4,0,41,1,3,26,0,34,5,33,10,22,0,16,4,12,0,36,1,1,12,0,0,0,16,0,3,0,0,45,0,0,18,0,0,16,0,0,0,0,0
31,30,23,29,29,37,34,40,25,19,27,34,31,26,16,23,26,28,18,24,40,24,25,65,22,49,29,30,18,12,25,20,27,7,13,30,16,8,46,8,27,13,18,5,15,26,16,11,19,5,15,11,16,6,48,13,32,11,21,38,15,24,24,1,9,12,9,5,11,3,18,8,11,4,21,4,28,5,18,19,3,16,11,1,20,3,10,3,16,5,6,9,9,16,4,17,16,10,1,3,1,12,1,7,8,2,7,9,13,3,9,17,6,3,1,12,6,3,8,3,1,3,6,6,9,3,3
36,32,24,25,28,37,34,45,27,16,32,28,39,20,14,21,29,34,18,21,35,33,27,60,24,56,29,30,21,7,26,9,38,7,21,27,18,11,35,3,23,22,9,2,7,9,18,9,28,7,21,12,11,10,30,17,33,19,23,60,16,29,35,2,12,4,11,4,9,1,7,16,1,2,17,1,23,10,10,22,0,5,5,0,2,1,4,4,3,16,3,13,4,18,7,10,27,28,0,1,1,3,5,1,6,0,1,0,6,0,1,7,0,0,0,1,1,4,12,0,0,1,0,0,0,0,0
33,29,24,24,29,35,29,34,33,15,34,17,39,21,18,24,27,29,15,20,27,28,34,63,26,59,26,30,28,10,20,3,36,6,18,3,26,18,23,3,18,26,4,6,8,2,19,15,31,7,35,10,10,21,38,16,38,16,17,114,26,52,41,6,12,0,23,8,6,1,2,19,1,6,1,0,2,13,0,41,1,3,2,4,0,1,2,3,0,31,3,10,11,82,19,38,29,95,6,0,0,0,6,0,5,0,1,0,0,0,0,0,2,0,0,0,0,10,81,0,0,0,0,0,0,0,0
33,27,23,25,30,36,28,30,36,13,29,17,34,20,26,30,38,28,15,27,26,26,31,87,24,52,23,36,26,10,15,8,28,9,22,11,29,12,24,5,16,15,7,14,15,23,21,16,71,15,36,17,28,16,41,9,27,19,16,89,15,57,37,7,10,8,24,2,12,3,2,8,1,10,21,3,16,15,5,34,4,9,11,7,29,5,14,9,15,43,11,34,32,42,7,20,20,51,2,10,1,2,6,1,0,0,1,0,34,4,9,11,15,4,3,5,12,40,21,0,0,1,0,0,15,4,0
32,27,23,27,30,35,27,30,37,15,30,22,26,32,27,30,43,28,16,20,19,26,22,95,28,43,22,36,33,12,22,26,28,13,25,19,27,11,34,7,11,13,10,21,19,26,32,15,97,17,15,11,19,3,38,18,5,7,12,43,11,69,40,17,21,29,29,8,51,9,7,11,12,5,40,10,6,10,12,10,2,13,6,3,66,21,3,5,14,13,4,23,14,5,0,19,0,40,5,69,14,5,7,16,10,3,18,4,7,0,20,0,3,4,0,26,0,9,0,6,0,28,0,4,0,0,0
33,29,23,28,31,36,26,46,38,21,30,20,24,36,25,25,34,31,19,21,21,21,37,83,32,41,22,35,50,17,17,20,26,20,19,19,17,5,29,18,6,11,9,27,20,29,30,12,71,25,25,17,24,10,41,18,13,10,13,59,9,76,26,25,14,23,29,1,34,13,3,11,13,3,27,12,5,7,5,1,1,13,2,13,75,21,17,11,18,37,9,53,20,23,8,25,10,26,1,35,14,4,8,9,0,1,19,2,0,1,4,2,0,41,13,44,15,30,22,0,1,8,2,0,0,40,0
35,30,20,27,33,36,26,46,36,24,33,22,26,22,20,27,37,25,18,21,18,19,28,64,22,38,24,27,40,21,28,16,19,16,27,13,15,8,33,18,7,15,12,14,16,18,12,11,49,17,17,13,25,20,35,8,12,12,8,45,8,38,10,14,29,8,7,6,20,11,4,8,6,7,18,5,6,8,4,13,3,16,0,10,32,5,12,5,8,26,8,37,9,24,7,11,2,12,5,10,0,4,2,2,8,2,8,0,12,2,0,0,0,26,5,15,4,16,6,8,0,0,0,0,0,10,0
36,29,20,29,32,36,25,43,41,39,28,23,20,20,28,23,38,27,22,18,21,20,29,58,20,40,17,28,30,34,18,18,14,30,17,27,15,15,34,11,7,9,8,17,13,16,14,10,37,14,19,15,20,11,44,10,3,9,9,39,2,19,9,20,9,15,6,9,20,8,1,5,4,7,45,6,1,6,7,5,0,1,4,9,21,7,1,4,8,1,2,18,8,4,2,9,2,0,6,17,3,0,0,3,1,0,0,0,1,0,1,1,0,0,2,12,0,0,0,0,0,0,0,0,0,0,0
33,31,21,28,32,36,25,41,42,31,37,38,29,20,28,32,33,22,18,18,27,17,31,58,16,41,22,24,34,23,32,33,17,18,20,44,22,15,17,12,20,21,35,14,14,19,11,20,32,16,20,8,18,13,31,1,7,12,9,43,6,11,7,9,17,30,16,10,13,6,19,5,26,6,17,0,6,3,26,6,6,4,11,10,14,1,5,3,11,20,4,7,4,14,0,2,0,3,5,5,0,6,1,20,8,2,4,8,2,0,0,0,2,11,0,2,0,1,0,2,0,0,0,2,0,0,0
32,30,24,29,31,36,26,37,40,27,40,48,28,20,29,27,33,30,27,27,28,15,33,58,27,36,24,24,23,16,33,30,18,14,34,44,19,17,38,12,40,20,30,16,18,19,11,18,32,18,19,15,16,26,20,11,17,12,6,41,15,26,13,8,25,30,9,7,17,4,25,12,18,10,16,3,32,12,7,31,9,26,25,18,10,4,16,6,4,15,4,14,7,17,4,4,3,13,8,12,0,32,9,7,12,3,11,14,13,0,0,7,23,10,0,0,3,7,0,12,0,0,7,9,0,0,0
37,30,23,25,31,36,25,36,42,35,36,46,28,20,26,27,35,25,22,25,26,15,24,56,19,35,21,23,17,28,12,26,15,23,35,24,14,19,51,12,38,21,21,17,11,35,5,12,34,17,19,15,15,18,20,11,27,8,9,50,13,24,16,21,2,15,1,0,36,3,6,8,10,11,23,6,19,11,12,37,9,13,17,7,22,8,28,2,2,19,8,19,6,22,2,8,3,17,0,31,0,0,2,0,0,0,6,2,12,4,6,8,13,14,0,6,0,8,2,0,0,0,0,0,6,0,0
37,31,24,25,30,34,27,30,34,29,36,47,31,18,23,29,38,15,13,18,28,19,20,71,17,26,20,24,14,17,17,43,9,6,16,24,17,16,54,3,26,16,4,9,11,16,0,7,55,7,16,4,14,6,23,12,13,11,11,30,6,33,5,2,4,21,0,7,24,0,25,5,0,2,3,2,8,8,0,29,1,2,1,3,11,0,11,0,0,8,0,21,0,8,6,18,3,3,0,2,0,8,0,0,11,0,0,0,0,2,0,0,0,6,0,0,0,0,3,0,0,0,0,0,0,0,0
36,31,23,23,28,34,29,40,41,27,27,44,35,19,19,24,42,25,16,17,22,16,16,65,13,18,23,27,16,18,19,43,15,14,16,16,27,7,69,10,6,16,20,7,7,12,4,4,49,6,9,9,26,6,28,7,4,5,7,16,5,26,4,5,3,6,2,2,58,3,5,8,19,1,19,3,1,8,2,4,1,26,0,1,11,1,3,0,2,4,0,25,1,4,3,4,0,0,0,6,0,1,0,0,4,0,18,0,0,0,2,0,0,2,0,1,0,0,0,0,0,0,0,0,0,0,0
36,28,25,20,25,36,28,39,47,27,19,47,28,20,19,20,29,21,13,12,23,15,16,39,9,15,22,32,32,12,12,32,21,10,16,18,18,3,55,10,1,9,28,6,7,10,7,9,16,5,3,5,19,1,14,4,0,0,10,11,3,12,8,5,8,12,8,0,19,6,0,3,22,2,2,3,0,0,9,0,0,13,0,0,4,3,0,0,5,2,0,5,1,0,0,4,0,4,0,2,3,0,0,7,0,0,9,0,0,0,2,0,0,0,0,2,0,0,0,0,0,2,0,0,0,0,0
36,27,27,23,25,30,24,40,54,25,20,52,39,28,19,15,31,18,17,10,34,21,23,39,8,15,19,23,30,26,11,43,35,23,21,39,29,5,41,12,7,15,33,10,8,24,11,5,34,4,3,8,16,2,26,5,1,4,20,17,7,13,6,12,7,28,14,1,48,11,2,10,29,1,32,7,2,9,25,6,0,9,3,2,22,1,0,0,14,0,0,8,1,0,0,5,1,10,0,24,1,0,0,20,0,0,12,2,0,0,4,2,0,0,0,4,0,0,0,0,0,4,0,0,0,0,0
35,27,27,19,22,29,24,28,56,17,17,44,32,22,14,14,26,24,10,10,35,32,18,27,5,19,11,23,26,9,3,28,28,5,19,38,58,9,27,1,7,5,23,8,2,23,16,5,13,1,2,3,19,3,9,0,1,5,36,29,4,2,7,4,1,23,23,2,11,1,0,1,31,0,4,0,0,7,38,23,0,0,0,3,7,0,0,1,19,0,0,0,0,0,0,0,1,1,0,4,0,0,1,31,0,0,0,0,0,0,0,0,0,0,0,0,0,0,0,0,0,0,0,0,0,0,0
33,26,29,17,23,29,24,24,49,14,12,28,23,34,11,14,20,22,11,5,34,28,15,22,7,18,17,17,29,6,6,11,14,10,1,33,41,4,7,3,5,2,8,9,3,31,16,1,5,3,3,7,6,3,3,7,2,3,14,19,4,1,5,10,1,12,19,0,2,3,0,2,4,0,2,7,0,1,13,0,0,0,0,1,3,6,1,2,6,0,1,0,2,0,3,0,0,1,0,2,7,0,1,5,0,0,0,0,0,0,0,0,0,0,1,0,0,0,0,0,0,0,0,0,0,0,0
31,27,28,17,24,27,26,26,40,12,13,21,14,32,12,14,15,23,6,11,28,31,14,18,8,19,21,8,31,8,10,7,7,9,5,22,17,2,2,2,6,5,6,5,5,20,13,1,2,3,1,5,5,3,0,4,2,13,5,15,2,0,1,8,6,7,10,0,0,2,0,0,2,0,0,3,1,0,6,0,0,0,0,1,0,3,0,1,1,0,0,0,1,0,3,0,0,0,0,0,3,0,0,2,0,0,0,0,0,0,0,0,0,0,0,0,0,0,0,0,0,0,0,0,0,0,0
29,28,28,17,25,28,25,26,40,9,18,19,15,36,11,17,21,26,12,15,22,27,16,16,6,22,21,10,36,7,9,10,14,12,12,14,14,3,1,1,5,10,5,8,9,14,19,2,1,4,10,9,8,6,0,1,6,13,5,19,2,1,4,5,10,7,20,0,1,2,4,7,3,3,0,1,2,8,1,0,0,0,2,2,0,2,3,7,4,0,0,0,4,0,0,0,1,0,0,0,2,2,9,1,0,0,0,2,0,0,0,0,0,0,0,0,1,0,0,0,0,0,0,0,0,0,0
27,27,31,16,24,28,24,32,41,11,13,10,15,41,9,18,16,21,13,24,13,26,17,24,10,30,21,10,44,6,17,6,21,18,18,1,21,3,1,6,3,8,4,8,24,6,28,1,3,4,6,10,5,4,3,8,6,16,7,38,5,6,3,4,26,1,31,0,1,3,2,14,4,1,0,12,0,9,1,0,0,0,1,0,0,6,2,10,5,2,0,0,2,2,2,2,2,2,0,0,2,0,18,1,0,0,0,2,0,0,0,0,0,0,0,0,0,0,2,0,0,0,0,0,0,0,0
28,25,27,17,23,26,24,39,39,16,15,4,26,47,13,16,11,22,13,27,17,26,19,17,12,27,19,10,49,17,16,4,27,30,14,2,40,7,0,13,0,9,2,25,42,8,30,13,0,6,1,13,4,14,1,21,6,26,6,34,7,4,4,30,22,3,38,7,0,10,0,11,3,17,0,47,0,19,2,0,8,0,0,35,0,24,0,30,3,0,8,0,1,0,21,1,2,0,21,0,29,0,18,3,0,5,0,0,0,32,0,0,0,0,31,0,0,0,0,0,20,0,0,0,0,0,0
28,25,26,16,25,24,24,41,52,21,21,10,31,34,14,16,11,19,15,23,14,24,18,18,12,23,13,14,62,22,20,9,27,42,41,6,56,21,1,12,9,13,6,14,23,7,22,4,6,6,1,7,7,19,1,15,2,16,4,15,10,4,5,34,47,6,44,10,1,5,1,11,7,50,1,32,0,32,1,0,14,1,2,8,1,8,0,12,1,0,1,1,2,0,17,1,0,1,24,1,7,0,21,1,0,2,1,1,0,36,1,0,0,0,1,1,0,0,0,0,2,1,0,0,0,0,0
28,23,26,16,26,25,24,36,63,33,20,14,30,27,10,16,18,15,18,16,15,26,13,21,12,25,14,14,45,17,14,15,15,57,34,13,80,25,23,22,8,9,6,8,16,8,15,5,11,7,10,4,5,13,9,12,4,7,3,8,7,9,10,23,25,9,18,12,15,8,6,3,4,46,18,35,5,14,8,4,15,18,2,8,2,2,4,4,1,0,2,6,4,6,8,6,2,2,21,8,8,3,3,4,0,6,8,0,10,23,16,4,4,0,2,2,0,0,4,0,6,8,0,0,8,0,0
25,24,22,15,25,26,26,29,50,31,17,31,36,25,11,18,18,16,17,8,14,25,9,28,15,20,22,16,46,24,13,14,28,48,18,22,65,6,48,38,9,12,18,17,8,7,19,3,12,7,8,11,3,6,13,15,6,2,5,5,5,15,10,38,7,7,42,1,16,28,4,9,3,13,25,49,11,8,14,5,2,32,5,6,4,9,1,0,0,2,0,3,0,4,1,6,4,4,3,5,36,3,0,0,0,0,6,0,6,2,18,8,4,0,0,0,0,0,2,0,0,0,0,0,4,0,0
27,24,22,14,28,25,27,26,43,20,21,43,32,26,6,17,23,17,12,13,22,22,10,28,17,14,26,28,44,9,13,23,19,25,21,46,41,1,61,31,11,14,49,7,11,17,20,4,9,6,6,17,14,3,20,13,7,11,14,2,10,31,10,17,16,26,32,1,17,14,5,10,19,3,52,40,12,15,48,1,1,85,8,3,12,8,5,15,9,1,7,9,3,2,2,27,5,3,3,27,26,4,15,26,1,1,26,3,2,2,86,10,1,2,2,17,3,1,2,2,2,46,4,1,2,2,2
28,27,20,13,29,25,25,20,41,14,25,38,28,26,6,20,19,18,6,15,27,14,11,23,18,7,21,24,32,1,10,23,10,16,18,54,28,2,36,22,3,15,29,0,16,17,9,4,1,5,6,12,7,0,19,11,8,9,23,0,6,29,4,0,19,30,10,0,1,0,4,4,8,0,46,32,12,12,52,0,0,59,3,0,0,0,6,7,5,0,4,0,2,0,0,37,6,0,0,0,0,12,8,8,0,0,0,2,0,0,92,8,0,0,0,0,2,0,0,0,0,0,4,0,0,0,0
31,28,24,13,29,24,26,24,34,12,34,31,28,17,8,22,16,15,7,17,24,15,16,13,15,7,19,25,17,0,20,14,7,14,20,33,19,9,17,18,4,14,29,2,10,8,2,3,1,4,8,8,1,3,9,10,5,7,20,1,6,15,6,0,15,12,2,0,0,0,8,2,0,2,25,26,6,4,43,0,1,29,0,0,0,0,6,2,0,0,2,0,2,0,1,17,2,1,0,0,0,12,2,0,0,0,0,0,0,0,49,0,0,0,0,0,0,0,0,0,0,0,0,0,0,0,0
31,27,23,12,27,25,25,29,38,6,24,23,23,17,11,20,19,20,5,8,10,17,18,12,11,22,25,18,20,2,12,18,12,3,8,18,19,4,6,4,18,12,19,2,4,8,6,6,6,7,7,9,8,2,2,7,2,4,10,11,13,6,14,1,2,16,7,0,2,0,8,0,8,2,2,2,2,2,22,4,4,3,10,0,0,2,0,2,6,2,2,2,0,2,2,2,2,7,0,0,0,0,0,14,0,0,0,0,2,2,2,2,4,0,0,0,0,0,2,0,0,0,0,0,2,0,0
30,25,25,11,26,23,27,32,29,7,24,21,25,21,6,14,22,23,3,15,14,18,14,12,12,21,17,21,27,3,14,16,20,2,20,21,19,3,4,5,14,13,16,1,18,13,13,0,5,2,5,6,13,0,1,3,3,3,13,9,8,7,12,1,20,15,14,0,2,2,4,6,11,0,0,2,4,6,20,2,1,1,10,0,1,1,2,3,11,0,0,2,5,0,0,1,3,1,0,0,1,2,6,14,0,0,0,5,0,0,0,3,1,0,0,1,3,0,0,0,0,0,3,0,0,0,0
29,27,26,11,25,21,29,29,25,8,16,27,18,21,7,16,16,27,7,14,9,22,8,14,18,25,21,24,16,4,8,8,9,6,13,12,20,1,11,10,10,6,17,3,12,4,13,2,7,6,11,8,12,2,2,10,3,5,11,12,10,17,19,2,13,3,9,0,6,3,3,1,3,0,2,11,2,1,13,2,1,10,7,2,2,4,2,3,3,2,2,3,5,0,2,5,3,13,0,2,3,2,1,3,0,0,3,1,0,0,5,1,2,0,2,3,1,0,0,0,0,3,1,0,0,0,0
27,30,29,12,24,21,26,31,33,10,13,23,23,24,10,23,14,24,7,12,14,18,6,18,17,22,16,25,18,3,6,10,13,7,7,11,19,6,16,13,12,7,23,4,6,6,15,5,6,9,13,7,10,2,10,11,2,1,12,8,6,23,17,0,2,0,11,3,1,2,0,0,2,4,9,9,2,2,10,8,4,22,10,1,3,5,2,0,3,5,2,8,8,3,2,15,1,9,0,0,0,0,0,0,0,0,2,0,4,4,13,2,8,2,0,3,0,5,2,0,0,0,0,0,4,0,0
30,30,30,12,25,17,29,32,36,12,19,21,23,28,14,22,10,26,8,17,18,28,9,16,18,15,18,20,22,9,9,4,13,9,13,23,23,10,18,12,19,13,20,3,10,6,18,6,4,10,5,7,6,5,16,11,11,12,19,16,7,28,15,5,3,6,15,2,0,4,1,1,2,8,18,9,17,12,21,26,12,24,26,0,0,2,1,7,4,1,1,4,2,16,7,24,15,21,0,0,2,0,3,4,0,0,0,0,26,12,24,25,36,0,0,0,1,1,21,0,0,0,0,0,36,0,0
29,31,29,13,26,18,29,30,43,15,12,15,30,32,14,24,13,28,9,18,19,24,12,17,14,12,19,14,28,11,10,5,28,10,11,19,29,6,16,15,7,4,11,8,13,7,21,8,2,6,5,9,3,7,8,7,9,10,9,14,9,20,8,8,2,4,22,4,0,8,1,4,2,3,7,11,7,3,12,11,4,15,5,4,0,6,1,6,1,2,2,0,0,7,5,7,5,14,0,0,8,0,1,2,0,0,0,0,6,3,6,4,11,0,2,0,0,0,7,0,0,0,0,0,6,0,0
30,28,29,14,26,18,31,39,45,13,16,14,35,30,10,26,12,24,16,16,17,28,14,17,15,13,20,15,36,9,14,7,30,18,9,21,30,6,14,9,4,5,6,6,14,5,15,9,3,5,4,9,4,9,16,12,7,7,9,11,6,12,9,8,8,7,19,6,2,5,0,6,0,3,18,11,2,2,7,4,0,3,2,6,1,4,0,2,0,0,0,1,0,5,3,9,7,8,4,2,7,0,0,0,0,0,0,0,0,0,4,2,0,0,0,0,0,0,5,0,0,0,0,0,0,0,0
33,25,27,14,27,18,33,37,39,9,22,13,36,25,10,26,10,18,10,20,17,27,17,16,11,20,24,10,23,6,24,6,21,6,12,17,32,4,8,3,4,8,2,3,16,4,16,8,7,4,8,15,2,6,11,3,7,11,4,21,10,12,10,3,5,3,21,4,3,1,1,6,0,1,7,1,0,6,0,3,1,2,2,3,2,3,3,8,3,7,2,2,2,6,3,3,6,15,1,2,1,0,2,0,1,0,0,0,0,0,0,0,2,2,2,2,3,2,5,0,0,0,0,0,0,2,0
30,26,24,15,26,18,34,42,38,9,29,9,27,26,13,30,14,22,10,23,15,27,18,18,18,19,26,12,37,9,30,5,16,6,15,10,19,9,5,5,5,15,4,3,20,6,18,12,12,8,13,16,7,9,11,5,11,12,4,24,15,14,11,1,14,3,20,9,4,2,5,6,3,3,3,3,3,6,3,4,5,3,3,2,1,2,5,10,3,14,9,9,7,11,2,1,3,16,1,1,1,2,4,3,4,2,2,3,2,1,1,2,2,1,2,1,2,12,1,1,1,1,2,2,1,1,1
28,25,27,15,23,18,35,38,44,12,33,9,24,27,13,27,10,24,9,26,8,29,17,17,14,19,23,20,49,9,51,3,11,10,36,3,19,12,10,10,5,15,8,8,29,3,11,18,8,4,8,13,8,9,6,4,9,16,4,16,12,14,10,9,62,2,5,14,2,6,2,12,0,10,4,5,3,8,2,4,10,6,3,14,3,3,3,9,3,8,7,3,6,5,6,2,4,10,14,2,6,2,10,0,2,10,0,0,2,8,1,2,2,3,6,0,3,3,2,2,10,0,0,0,1,0,0
26,22,28,14,22,17,37,34,40,16,31,7,36,23,10,19,8,24,13,21,4,23,11,11,14,14,23,16,40,16,43,2,25,25,38,2,32,26,7,15,4,23,6,10,21,1,16,7,2,7,6,10,3,10,3,9,2,11,1,5,10,6,8,28,55,1,17,34,0,7,2,11,0,34,3,17,1,28,0,3,19,5,2,11,0,7,1,6,0,0,2,0,2,0,8,0,0,3,46,0,7,1,15,0,0,6,0,0,0,25,0,0,2,0,2,0,0,0,0,0,6,0,0,0,0,0,0
27,23,28,13,23,14,38,33,39,20,30,10,30,22,12,16,9,23,9,21,6,18,12,14,15,13,29,18,33,24,21,13,18,27,33,7,23,26,14,14,6,20,9,7,12,4,8,2,7,11,3,8,6,10,9,3,3,9,2,8,9,9,16,27,20,13,16,9,22,18,0,11,13,36,12,14,4,12,7,6,16,14,6,3,6,4,0,4,4,0,1,6,1,3,4,3,1,6,12,22,18,0,6,13,0,4,22,0,4,16,12,4,6,0,1,6,0,0,1,0,4,22,0,0,4,0,0
24,23,27,12,25,14,37,22,41,19,32,15,19,19,12,19,10,22,10,28,6,15,13,14,17,14,24,13,26,11,17,19,7,22,47,10,14,30,22,10,16,10,4,3,14,4,4,8,6,7,0,10,0,11,6,7,4,9,1,15,9,11,11,3,15,12,4,12,8,3,0,4,0,35,10,15,8,9,1,26,6,5,1,1,2,1,0,2,0,0,2,0,0,5,4,2,1,12,0,4,1,0,2,0,0,0,0,0,10,12,2,1,2,0,0,0,0,0,2,0,0,0,0,0,2,0,0
23,22,25,13,27,14,39,22,31,16,27,15,21,14,6,18,7,27,10,23,9,19,16,12,16,15,22,15,17,5,16,10,17,15,12,12,12,21,15,7,11,9,8,3,14,4,4,8,2,2,2,5,5,6,5,5,3,9,5,18,6,11,4,4,11,5,5,9,1,0,0,6,9,3,6,5,0,2,5,24,4,3,1,3,1,0,1,1,3,1,0,1,0,2,1,2,1,5,3,1,0,0,2,4,0,0,0,0,0,0,1,0,2,1,0,0,0,0,1,0,0,0,0,0,0,0,0
22,22,24,15,26,14,38,19,24,11,22,14,22,13,5,11,5,27,15,23,7,21,18,14,18,17,18,16,15,3,5,8,15,7,14,9,12,15,10,6,17,8,6,2,8,4,4,2,3,3,4,3,2,19,7,15,7,13,5,21,9,10,7,2,3,7,8,3,3,0,5,2,5,12,4,2,12,7,5,19,3,1,2,1,2,0,2,1,2,2,0,0,1,12,13,4,2,3,2,2,0,4,2,5,3,0,0,2,10,3,0,2,0,1,0,0,1,0,2,2,0,0,2,0,0,0,0
21,23,22,17,27,15,39,18,15,9,18,6,29,12,8,11,6,30,24,19,19,25,15,16,19,19,27,14,6,2,5,1,22,8,11,5,12,8,2,9,9,11,2,7,5,6,10,2,4,4,1,3,5,23,21,18,13,8,10,15,5,11,15,2,4,1,5,1,0,2,0,2,0,10,1,9,5,4,0,6,4,0,4,2,6,4,1,0,4,1,0,2,0,18,8,12,6,3,1,0,2,0,0,0,0,0,0,0,3,6,0,0,0,1,0,4,0,0,4,0,0,0,0,0,0,0,0
21,23,20,20,26,14,37,18,12,10,11,5,23,9,12,13,9,26,15,17,10,17,19,16,23,20,29,18,5,4,6,1,13,5,2,2,6,6,3,12,3,8,3,5,3,2,7,4,8,6,2,10,12,14,11,14,14,7,6,19,12,12,12,2,0,0,1,1,1,0,1,2,0,2,2,7,0,1,2,1,5,4,2,1,2,2,0,2,2,2,2,5,0,15,6,7,4,4,0,0,0,0,0,0,1,0,0,0,0,2,4,0,0,0,1,2,0,0,2,0,0,0,0,0,0,0,0
25,24,18,19,26,19,38,20,16,9,18,17,34,11,14,19,12,32,4,17,10,18,17,15,27,19,28,27,9,2,12,10,23,2,7,9,10,4,10,3,4,11,23,0,7,0,7,6,7,14,1,13,17,5,6,3,9,9,4,16,15,11,11,0,6,0,6,0,4,1,0,7,16,0,4,0,2,5,4,0,2,5,4,0,0,0,0,4,0,1,6,5,0,8,1,1,2,7,0,0,0,0,4,0,0,0,4,0,0,0,0,2,0,0,0,0,0,0,0,0,0,0,0,0,0,0,0
25,27,19,23,26,20,35,25,20,12,28,15,28,13,22,23,17,24,5,19,13,25,22,31,27,20,26,20,11,12,23,8,20,1,18,6,19,9,11,10,8,21,12,1,14,2,5,11,16,20,5,12,11,3,8,5,4,9,9,25,14,28,15,0,17,0,5,6,11,12,1,14,8,0,4,1,2,9,4,1,5,11,8,0,0,0,1,6,0,5,5,13,3,1,2,8,1,13,0,0,0,0,10,0,1,4,11,1,0,0,4,0,1,0,0,0,0,3,0,0,0,0,0,1,0,0,0
23,28,19,25,27,18,35,27,20,15,19,15,27,16,15,20,16,31,7,18,8,21,31,27,29,19,26,23,18,11,11,9,21,5,19,7,18,9,13,15,7,15,16,1,8,5,9,8,10,12,9,12,13,6,3,8,5,9,6,30,22,27,18,1,13,5,11,3,8,11,4,8,9,5,3,8,6,11,6,0,8,16,4,0,1,2,4,2,2,1,3,11,5,0,6,4,1,22,0,1,2,4,4,2,0,3,10,2,0,5,6,2,0,0,0,2,0,0,0,0,0,2,0,0,0,0,0
23,31,17,24,30,21,37,27,16,15,20,22,26,18,13,19,22,30,5,16,10,13,39,24,25,25,36,21,14,7,12,15,20,3,9,14,7,15,12,11,16,18,15,0,6,7,5,7,10,7,14,14,13,6,4,5,7,5,8,37,32,17,18,0,4,8,2,3,3,5,9,8,8,4,4,4,9,5,9,11,11,9,13,0,0,0,3,0,1,5,3,3,7,7,8,6,9,17,0,0,0,3,0,0,0,3,2,5,6,5,6,9,9,0,0,0,0,0,11,0,0,0,0,0,8,0,0
24,30,15,23,29,18,37,33,14,10,22,20,25,16,11,16,14,19,3,7,7,13,37,29,23,28,39,18,17,5,10,13,11,2,2,9,8,10,7,2,24,17,12,1,3,4,6,7,11,1,7,7,4,0,0,0,0,4,4,38,39,17,20,0,2,4,3,4,4,0,4,4,1,0,0,0,0,2,5,12,2,0,16,0,0,0,0,0,1,8,0,0,0,0,0,0,0,20,0,0,0,0,0,0,4,0,0,0,0,0,0,0,0,0,0,0,0,0,0,0,0,0,0,0,0,0,0
24,32,15,24,30,20,35,32,20,11,18,12,22,14,8,21,16,26,3,6,3,13,36,29,29,37,34,19,17,4,13,11,14,2,4,0,8,12,4,5,10,5,8,0,0,2,6,4,9,4,10,6,7,1,0,0,1,4,2,47,33,17,11,0,0,0,4,1,0,2,5,2,7,0,0,0,0,2,0,8,1,0,1,0,0,0,0,0,0,4,0,0,2,0,0,0,0,15,0,0,0,0,0,0,0,0,0,2,0,0,0,0,0,0,0,0,0,0,0,0,0,0,0,0,0,0,0
27,33,16,24,29,23,33,37,25,11,18,15,22,20,13,29,10,27,5,14,4,13,38,36,28,30,34,23,28,11,19,8,13,7,11,5,10,5,10,10,4,10,10,9,9,2,6,12,2,5,4,10,4,2,0,2,2,8,2,57,44,36,35,13,12,2,4,8,2,4,3,4,0,3,0,1,1,4,2,2,3,13,4,5,0,3,0,2,0,3,4,0,1,0,1,0,2,61,6,0,3,0,2,0,2,3,0,0,0,1,0,2,2,0,2,0,0,0,0,0,2,0,0,0,0,0,0
28,33,16,26,27,21,31,31,26,8,23,17,26,23,19,28,13,25,6,13,5,11,34,43,29,31,27,29,27,11,14,8,8,6,13,9,14,3,6,7,12,14,17,9,10,5,7,14,5,5,13,12,8,2,0,1,4,8,6,73,39,56,40,14,7,2,4,5,0,2,7,5,4,2,0,1,5,10,10,0,2,12,6,4,0,2,4,8,4,7,6,1,4,0,2,0,5,86,4,0,2,1,5,1,0,4,0,1,0,2,0,6,0,0,4,0,4,1,0,0,4,0,1,0,0,0,0
33,33,16,26,29,23,29,38,31,21,26,18,27,19,15,30,17,22,11,15,6,12,34,49,33,19,29,31,25,16,23,11,16,18,17,7,18,13,5,6,9,18,18,13,8,4,14,10,5,11,7,11,8,7,3,6,5,11,5,40,28,72,28,12,7,4,12,7,1,6,7,11,6,7,3,6,6,14,11,3,4,1,8,3,1,10,4,6,3,2,5,2,4,2,2,1,4,66,2,1,6,4,6,5,1,3,1,4,3,2,1,7,1,1,1,1,2,2,1,1,1,1,3,1,1,1,1
34,32,15,28,26,23,28,41,29,20,28,12,30,19,15,25,10,25,9,13,3,13,26,55,30,19,22,29,18,13,23,8,28,18,23,3,15,11,12,9,8,24,9,8,10,5,12,11,4,8,4,11,7,6,1,6,4,11,5,29,19,61,16,9,14,6,10,8,6,8,8,18,7,10,2,7,7,15,6,4,6,2,12,4,3,4,4,4,5,2,4,1,4,2,4,1,6,26,6,6,3,8,8,6,4,5,2,8,4,4,2,10,4,2,1,1,4,1,2,4,2,2,8,2,4,1,2
34,29,16,29,27,25,28,34,30,18,35,10,31,14,23,30,10,25,11,12,5,12,27,44,28,17,17,26,14,12,31,4,21,17,20,3,14,12,9,11,6,18,8,3,11,3,10,15,8,10,5,11,8,6,2,2,4,5,3,25,16,24,10,2,19,1,7,11,5,7,5,15,3,8,1,3,3,8,2,4,7,3,7,6,1,1,5,4,2,4,7,5,4,3,3,1,3,4,6,1,1,3,7,1,4,6,4,5,3,3,1,3,4,3,3,1,4,3,3,3,3,1,3,4,3,3,3
33,27,16,28,28,24,27,38,28,20,32,12,30,15,21,26,9,27,7,18,4,13,30,40,22,15,18,25,28,22,31,1,23,6,24,3,22,14,4,13,6,15,10,6,21,2,9,17,7,12,0,9,12,7,1,4,1,9,2,22,7,27,7,5,23,0,19,15,0,12,0,10,0,2,1,6,1,13,4,1,5,2,4,7,0,3,0,7,0,0,5,10,0,0,2,1,0,6,2,0,5,0,11,0,0,5,0,0,0,2,1,0,0,0,2,0,0,0,0,0,2,0,0,0,0,0,0
28,28,15,24,27,26,28,36,21,18,20,11,30,17,20,20,9,28,8,15,5,14,25,28,21,19,16,25,23,11,16,4,23,4,11,6,19,10,8,10,2,8,12,8,11,1,6,13,3,6,1,10,3,10,2,3,3,10,6,17,11,20,8,4,11,0,10,3,3,5,1,8,2,4,1,4,1,8,8,1,3,7,1,9,0,2,0,4,0,0,4,2,0,2,3,2,3,5,4,0,4,0,8,0,0,3,2,0,1,4,1,1,1,0,2,0,0,0,2,0,4,0,0,0,1,0,0
22,27,14,22,25,25,25,28,19,14,11,14,20,17,14,12,12,28,13,17,8,13,23,18,14,24,10,17,21,9,6,10,18,10,10,11,7,7,10,4,2,6,8,14,10,7,10,6,3,2,2,2,6,10,6,8,2,5,3,14,7,5,0,9,7,11,7,2,5,2,1,2,7,4,7,2,0,2,5,3,2,0,0,6,3,2,0,2,3,1,2,0,0,3,4,1,0,0,2,6,2,0,2,5,1,2,0,0,0,2,0,0,0,0,2,0,0,0,0,0,2,0,0,0,0,0,0
21,27,13,20,24,22,24,21,19,13,12,25,16,12,10,10,11,23,17,18,13,12,25,21,17,20,16,12,15,4,4,14,13,13,9,24,10,6,15,3,7,11,10,4,8,7,5,4,1,3,4,2,4,16,15,8,5,11,7,21,14,6,8,3,7,12,7,1,1,0,0,3,6,4,16,3,3,8,4,7,2,2,4,3,0,0,0,1,2,0,1,1,0,9,8,3,5,5,1,0,0,0,3,2,0,0,0,0,5,2,2,2,1,0,0,0,0,0,2,0,0,0,0,0,1,0,0
20,29,14,19,25,23,25,19,18,19,14,23,18,12,17,12,8,23,22,15,20,12,18,25,21,30,15,17,3,6,3,4,13,23,9,25,12,10,35,17,13,9,18,10,3,2,4,3,3,6,9,5,3,23,28,17,17,10,11,16,14,27,18,2,0,0,2,3,3,5,3,3,3,8,42,16,6,7,14,14,12,36,12,0,0,6,2,0,0,3,2,3,5,17,10,19,9,18,0,0,2,0,0,0,3,3,3,3,8,8,30,7,18,0,0,0,0,3,8,0,0,0,0,3,8,0,0
21,32,13,19,28,20,24,25,14,18,12,16,16,12,22,11,10,26,19,7,22,12,14,34,20,31,19,21,7,13,4,2,14,18,3,13,8,1,22,13,13,6,17,11,2,4,3,3,11,15,7,4,6,2,40,16,12,7,19,30,5,37,20,10,0,2,0,1,4,5,1,0,0,0,30,12,1,4,14,1,0,32,8,0,11,2,0,0,2,4,1,5,4,6,2,38,8,6,0,6,0,0,0,0,1,0,0,0,0,0,32,2,0,0,0,2,0,1,4,0,0,0,0,0,0,0,0
22,35,15,19,30,22,22,29,16,9,11,8,16,19,18,16,17,30,15,4,12,14,18,34,13,15,10,21,14,7,7,11,15,11,0,8,5,2,10,5,3,3,8,7,3,7,11,2,15,17,2,5,16,1,18,8,0,1,13,18,4,26,5,3,0,7,3,2,11,5,3,3,8,0,13,4,0,0,8,0,0,10,1,0,11,8,0,1,13,0,0,20,1,0,0,18,0,4,0,9,4,0,0,8,0,0,10,1,0,0,11,0,0,0,0,18,0,0,0,0,0,11,0,0,0,0,0
23,32,19,17,30,23,21,27,18,7,15,12,16,20,18,20,20,31,8,7,10,16,19,24,12,16,12,16,9,3,9,9,15,3,2,4,9,4,6,4,7,2,2,8,5,5,11,9,10,15,2,3,18,4,2,4,5,0,5,13,4,13,7,1,0,0,3,0,2,2,0,2,2,2,2,0,2,0,0,6,0,4,0,5,0,3,0,0,5,2,0,12,0,1,0,1,0,7,0,0,0,0,0,0,0,0,2,0,2,0,0,0,0,0,0,0,0,0,0,0,0,0,0,0,0,0,0
23,29,19,19,30,23,22,20,16,9,15,11,16,18,16,22,21,24,12,9,11,18,22,17,12,20,19,11,7,6,7,2,11,7,3,7,9,8,9,3,9,5,0,5,3,7,15,9,10,7,8,10,7,8,10,4,5,4,1,19,8,3,4,5,1,2,5,3,6,1,2,2,0,4,6,2,3,1,0,12,1,0,0,3,6,0,2,1,0,9,0,0,2,11,2,2,1,3,3,6,0,2,0,0,6,0,0,0,7,0,0,0,0,6,0,0,0,0,2,6,0,0,0,0,0,0,0
23,32,21,21,30,26,21,27,19,11,18,11,12,17,22,27,17,21,12,9,8,14,20,29,16,23,20,11,13,8,11,5,11,6,3,8,7,7,16,7,5,6,3,7,5,3,11,15,22,10,10,16,4,4,17,8,3,6,2,17,11,15,3,7,3,3,6,3,16,7,3,8,2,2,14,5,3,2,2,7,0,10,0,2,14,6,3,4,2,11,3,10,0,5,1,8,0,2,2,14,6,3,2,2,7,0,10,0,5,0,8,0,0,5,0,8,0,0,0,5,0,8,0,0,0,0,0
23,32,20,21,33,26,20,28,17,15,20,14,11,16,20,23,20,24,10,16,7,9,19,28,16,26,20,17,12,12,12,11,10,8,9,3,1,9,9,5,9,7,3,6,9,4,4,11,18,8,13,8,6,5,7,2,2,6,3,13,6,12,3,7,8,2,1,4,7,3,6,2,1,7,3,0,0,0,1,0,1,1,2,2,4,1,0,2,3,7,1,6,2,0,0,3,0,0,4,2,0,0,0,1,0,0,0,0,0,0,0,0,0,0,0,2,0,0,0,0,0,0,0,0,0,0,0
26,32,23,23,32,31,21,27,21,19,18,14,11,26,22,25,23,19,10,19,3,11,20,29,20,32,19,19,22,12,9,10,8,12,11,1,2,14,3,7,8,2,5,9,17,0,7,11,5,16,13,6,7,4,0,3,0,4,2,19,8,10,10,6,13,0,2,7,1,5,0,0,4,9,0,0,0,0,0,0,1,0,2,2,0,5,0,1,0,4,4,2,5,0,0,0,0,6,3,0,0,0,0,0,0,0,0,0,0,0,0,0,0,0,0,0,0,4,0,0,0,0,0,0,0,0,0
27,32,24,23,30,30,24,30,27,24,19,18,19,20,26,34,32,25,15,22,13,20,19,24,22,24,19,19,17,22,22,12,17,20,13,9,17,10,12,8,9,8,3,14,19,7,14,16,10,24,17,16,15,5,9,10,6,8,4,11,9,15,7,10,12,5,10,12,6,12,7,11,2,6,11,6,4,5,0,2,3,0,1,5,3,15,5,8,1,5,9,10,3,2,1,2,1,2,7,3,9,5,7,0,3,7,0,1,1,2,0,0,0,3,3,0,0,2,0,3,6,0,0,0,0,0,0
24,32,25,23,30,29,26,33,29,21,24,23,17,29,23,36,35,31,16,28,16,19,25,22,25,29,20,23,26,19,30,25,16,16,22,8,18,11,13,23,14,12,13,15,26,19,19,17,15,19,22,23,26,16,9,13,14,16,7,18,18,14,7,15,22,10,13,11,14,13,20,15,9,9,4,18,7,12,4,7,9,10,3,14,4,11,13,15,9,8,11,13,7,14,8,1,5,4,13,4,12,10,11,3,12,4,4,4,4,9,2,3,1,6,8,0,4,2,1,6,10,0,2,0,1,0,0
25,31,26,25,31,28,24,35,32,18,28,31,22,30,17,26,31,22,25,35,21,22,28,31,19,30,25,18,29,14,25,30,21,15,28,23,20,9,19,14,21,11,15,16,23,20,19,9,13,9,19,14,16,20,16,16,20,14,12,29,12,13,12,15,24,27,18,8,11,9,19,7,14,6,13,16,21,9,12,12,4,11,7,9,7,8,16,10,10,8,4,6,5,6,11,8,5,8,8,10,11,23,7,10,8,3,5,5,4,6,13,6,3,4,5,4,4,2,2,6,4,6,4,2,4,2,2
26,32,26,27,32,27,24,31,30,13,23,21,23,28,13,25,27,21,26,39,29,19,21,36,19,25,17,20,15,5,13,15,19,9,29,22,17,2,9,8,12,5,12,6,21,18,7,4,11,6,14,8,11,13,26,14,22,5,14,14,8,10,8,0,5,9,7,0,4,6,2,2,7,0,2,3,22,0,10,0,0,7,1,1,4,1,14,0,7,4,3,4,3,9,8,8,2,4,0,0,0,3,0,6,0,0,4,1,0,0,3,0,0,1,0,1,0,3,4,0,0,0,0,0,0,0,0
29,32,27,26,31,26,20,32,34,9,19,21,21,30,13,28,26,17,18,47,26,13,24,31,11,23,14,12,17,2,9,21,13,8,18,19,15,2,6,4,9,6,5,9,28,21,10,6,9,0,10,9,10,12,17,7,15,6,6,18,5,7,4,0,8,13,9,0,3,0,4,4,6,0,2,5,7,1,6,2,0,1,1,3,6,0,10,3,5,1,0,0,2,7,4,4,3,4,0,0,0,4,1,5,0,0,0,1,0,0,1,1,0,0,0,0,2,0,3,0,0,0,1,0,0,0,0
29,32,25,24,28,31,21,38,32,4,22,19,29,30,12,30,24,18,14,41,30,8,28,34,9,27,15,14,30,3,24,12,18,5,24,24,9,3,5,2,12,8,6,4,32,29,7,9,6,1,16,10,4,17,13,0,30,2,3,25,9,11,7,2,15,15,6,2,2,1,8,6,4,4,8,0,14,2,5,5,1,0,2,8,4,0,21,1,3,5,2,0,4,20,0,0,0,6,2,2,0,4,0,3,2,1,0,2,7,0,0,0,0,8,0,0,0,0,0,2,0,0,0,0,0,0,0
29,30,24,25,27,31,20,35,29,16,26,22,24,26,18,24,25,18,21,40,31,10,29,31,10,28,12,9,21,8,19,7,18,9,23,15,14,13,13,7,15,4,7,11,21,25,5,8,19,2,15,7,1,29,25,0,45,1,1,25,7,4,5,3,8,3,6,3,5,2,6,3,2,9,9,0,12,2,0,10,0,5,4,8,17,0,17,0,0,12,0,0,1,47,0,0,0,0,2,1,0,2,0,0,3,0,0,2,11,0,0,0,0,15,0,0,0,0,0,2,0,0,0,0,0,0,0
28,30,25,25,30,30,19,24,33,18,26,21,20,21,21,22,29,15,29,32,29,13,32,30,9,36,9,11,21,12,12,13,9,11,23,15,16,14,8,10,13,7,10,11,11,15,7,7,23,3,24,4,4,30,32,0,34,5,4,31,6,5,6,6,10,8,5,2,6,4,8,3,3,12,5,0,11,2,3,4,5,5,5,4,11,0,9,0,1,10,0,0,5,38,0,0,1,0,5,1,0,3,0,0,0,0,0,5,7,0,0,1,0,2,0,0,0,0,0,0,0,0,0,0,0,0,0
28,31,27,27,31,33,23,25,39,23,26,20,20,22,23,20,32,24,39,33,40,21,39,32,16,46,18,23,20,9,9,17,16,31,30,23,14,25,10,11,12,11,15,10,12,21,11,5,17,6,28,6,13,56,43,28,57,20,25,42,24,24,19,5,10,12,5,3,6,6,7,1,11,40,14,17,23,12,7,11,12,5,4,4,6,4,27,1,3,8,3,2,1,72,47,43,33,43,3,5,4,9,1,1,5,2,2,1,21,26,7,8,7,8,2,2,1,1,79,5,2,1,1,1,15,1,1
30,29,27,29,28,33,22,28,38,24,22,27,21,20,21,17,28,25,30,23,42,21,48,56,20,40,18,29,7,13,11,11,17,22,20,37,18,27,29,14,24,10,20,10,4,10,13,9,20,7,14,2,7,39,80,24,55,19,35,104,34,60,43,1,1,1,3,9,6,4,2,0,7,25,58,16,39,14,23,49,20,30,26,4,13,3,10,1,1,15,0,1,0,130,44,86,61,141,0,1,1,0,0,1,0,0,1,0,75,26,49,38,68,15,0,1,0,0,178,0,0,1,0,0,94,0,0
30,31,29,29,28,33,22,32,39,21,26,26,23,25,23,21,34,24,23,20,32,21,47,57,23,42,17,31,17,15,11,12,15,12,6,19,25,24,31,8,24,7,18,14,11,19,15,20,23,11,21,8,16,28,46,16,41,15,28,103,36,55,41,7,4,12,10,9,9,3,9,3,5,7,17,5,13,2,13,51,8,20,17,12,24,7,21,6,16,31,8,13,10,85,32,46,40,114,6,12,4,12,2,8,16,1,3,3,24,2,7,6,34,34,8,16,13,16,90,20,2,6,6,3,6,19,6
31,32,30,30,26,33,20,29,42,35,27,24,17,28,24,27,37,23,19,21,28,18,41,47,19,35,13,31,26,19,13,14,9,25,25,23,18,44,28,9,20,11,11,11,13,23,18,20,32,13,21,8,20,20,21,6,23,7,16,44,15,41,27,9,6,13,9,14,15,4,6,1,1,29,24,5,18,8,6,27,10,10,12,10,23,7,16,8,17,28,7,18,15,19,5,10,13,31,7,15,2,6,1,1,14,1,1,1,21,7,4,7,11,22,6,14,13,16,11,14,1,1,1,1,6,14,1
31,28,33,31,28,31,18,31,44,32,31,30,22,37,25,25,38,15,30,29,35,22,45,48,18,39,12,24,35,17,10,26,11,33,26,32,29,46,40,22,27,11,24,20,15,34,12,16,37,10,28,6,20,35,38,18,35,8,15,59,17,32,21,13,3,26,14,7,21,9,8,0,12,45,35,22,25,8,20,51,20,36,18,10,25,9,19,5,9,30,2,12,12,46,14,19,12,32,6,14,6,6,0,11,19,0,17,0,44,19,25,12,29,19,3,4,4,0,18,12,0,4,0,0,23,0,0
36,29,35,32,29,35,19,35,56,33,35,40,23,42,32,25,47,14,35,32,50,23,45,66,14,43,16,19,47,22,20,33,11,32,42,60,34,38,48,9,33,16,10,33,19,54,14,23,62,5,34,8,13,42,59,11,45,19,11,84,13,17,18,24,21,53,16,12,27,5,18,7,4,39,53,9,39,24,6,53,7,11,6,16,50,7,20,6,6,49,0,5,8,89,9,14,12,21,16,37,7,17,10,3,17,0,3,0,72,3,6,5,10,39,0,7,0,0,16,35,0,3,0,0,5,0,0
34,29,39,31,31,35,22,39,60,33,40,36,28,32,28,31,52,20,38,36,43,24,38,67,15,42,17,18,33,27,29,47,22,35,46,44,33,30,50,15,30,19,13,22,22,31,15,15,50,12,36,8,18,32,60,11,31,17,7,71,6,15,5,18,27,28,15,9,43,17,27,10,20,17,56,7,17,26,4,38,6,17,6,10,25,10,15,9,5,26,1,20,2,51,5,5,3,4,12,21,4,13,13,1,12,1,32,2,20,2,1,3,5,14,1,6,0,0,4,13,1,0,0,0,1,0,0
34,26,40,31,31,35,24,39,53,35,38,45,32,24,23,32,35,13,43,43,53,29,36,52,19,44,15,11,31,22,34,35,15,40,48,82,24,24,53,25,44,14,10,4,23,19,5,15,33,10,27,7,11,42,62,17,50,13,6,42,9,10,1,2,25,32,7,7,30,18,22,7,12,27,74,15,82,14,2,30,8,18,1,5,0,2,20,4,0,14,5,14,1,47,9,2,0,2,3,0,2,32,6,0,4,5,24,1,43,7,4,0,2,0,3,0,0,2,0,0,3,0,0,2,0,0,0
36,28,41,32,30,36,23,44,52,38,38,41,31,30,24,33,27,13,36,51,52,24,32,52,20,35,17,15,30,28,38,29,16,32,60,60,22,21,44,28,33,13,17,9,30,13,5,17,22,8,21,7,6,28,49,14,56,17,7,37,9,14,2,3,35,14,5,12,32,16,13,6,13,20,45,19,72,14,8,23,10,24,3,8,6,1,6,2,3,12,4,8,1,35,8,8,0,2,0,7,2,5,2,6,10,4,24,2,34,12,8,0,4,2,0,3,0,2,0,0,0,6,0,4,0,0,0
36,27,39,32,31,38,23,43,50,36,39,28,24,26,25,37,21,10,38,47,46,24,30,54,22,32,19,14,29,30,52,15,6,44,38,29,19,20,23,15,18,10,8,16,39,12,3,17,26,9,18,6,3,29,39,22,10,24,9,19,16,11,9,22,58,2,2,30,6,5,17,2,3,23,13,18,1,8,0,3,7,7,5,17,24,0,4,3,0,4,1,4,1,5,24,4,2,6,43,0,0,0,1,0,1,1,4,1,0,4,0,0,4,2,0,0,0,0,0,0,0,0,0,0,0,0,0
36,27,38,33,31,38,21,53,58,39,31,24,22,36,23,33,24,15,37,35,34,23,37,56,24,30,18,15,43,29,41,17,12,55,36,19,23,26,11,17,14,9,8,23,42,11,8,28,29,11,18,12,8,28,36,18,8,13,7,23,16,20,10,50,53,7,5,43,6,8,15,4,5,48,9,16,3,6,2,4,4,3,2,44,9,1,2,7,2,8,4,8,9,5,8,8,2,10,97,2,0,0,4,2,0,0,3,0,4,4,0,0,0,0,0,2,0,6,2,0,0,0,0,0,0,0,0
37,28,40,31,28,36,21,63,69,24,28,18,19,53,19,29,23,17,41,29,38,23,27,52,17,23,20,17,102,14,35,22,15,28,32,16,20,18,7,6,10,8,5,16,37,11,11,14,16,8,15,12,13,18,31,9,14,13,8,15,11,22,9,22,46,11,8,15,5,1,14,4,6,19,9,3,8,5,1,6,5,3,1,13,6,1,9,6,1,9,4,11,4,10,4,6,3,7,20,7,1,8,2,1,6,0,0,0,8,2,0,0,2,7,0,0,0,4,2,7,0,0,0,0,0,0,0
34,30,37,31,29,31,21,56,68,19,22,19,16,63,23,26,23,12,22,34,33,21,29,50,18,21,21,17,102,15,33,17,8,19,38,20,16,12,19,9,13,7,8,19,36,24,11,11,32,7,7,5,12,13,23,5,23,8,6,15,17,23,8,15,65,18,11,8,3,3,7,1,1,12,14,2,22,1,1,10,7,14,4,10,15,1,8,1,3,4,2,14,1,11,2,0,2,9,9,7,2,10,1,0,2,0,0,0,11,0,0,0,6,5,0,0,0,0,0,4,0,0,0,0,0,0,0
33,32,37,26,27,32,22,53,72,18,27,15,12,60,17,24,12,10,15,27,23,18,28,49,14,19,19,16,93,13,33,8,7,13,38,17,16,10,22,5,7,8,5,13,25,17,15,15,4,1,3,0,5,9,7,4,14,7,3,9,11,15,2,15,47,16,21,9,3,0,4,0,0,8,4,1,13,6,0,3,2,14,0,9,7,3,7,0,3,2,0,1,0,2,0,3,0,0,13,6,0,10,0,0,3,0,0,0,4,0,0,0,0,4,0,3,0,0,0,6,0,0,0,0,0,0,0
32,30,35,26,29,30,20,40,67,22,31,14,18,57,18,26,20,12,15,24,13,16,32,42,16,22,18,14,82,13,28,17,16,18,37,17,28,13,21,3,10,11,2,14,30,16,18,13,20,1,9,2,4,3,6,3,4,4,2,24,16,19,2,17,43,32,29,4,18,0,13,2,2,3,8,3,11,3,2,10,3,0,0,2,9,2,10,0,2,10,0,2,0,0,0,2,0,4,0,14,0,26,0,2,10,0,0,0,0,0,0,0,0,0,0,2,0,0,0,0,0,0,0,0,0,0,0
31,30,33,27,28,30,18,36,77,21,21,14,23,55,23,31,23,13,19,24,11,18,32,40,15,21,19,9,78,11,14,15,19,24,34,10,37,12,14,9,0,12,5,9,24,8,18,18,20,2,8,2,1,11,6,5,4,10,3,26,22,11,5,1,29,7,25,3,15,1,0,2,1,11,5,12,0,20,5,0,9,4,0,0,1,2,2,1,1,4,0,1,0,0,3,3,0,7,0,0,1,0,1,1,0,0,0,0,0,10,4,0,0,0,0,1,0,0,0,0,0,0,0,0,0,0,0
29,30,36,26,29,28,20,37,59,18,25,19,22,43,18,32,20,19,31,31,18,24,35,40,16,29,20,10,48,11,30,14,18,31,34,19,41,13,16,11,7,11,8,19,30,8,29,12,17,8,7,6,5,22,12,23,8,14,4,44,19,15,9,16,35,6,33,8,14,8,4,5,5,15,3,26,2,18,6,13,8,13,3,8,2,11,1,9,3,12,7,11,3,12,14,3,0,23,7,0,12,1,10,3,11,6,11,3,0,13,3,0,11,0,2,0,0,11,0,0,3,0,0,11,0,0,0
33,28,35,27,31,28,22,37,56,13,26,20,24,35,19,31,20,12,36,29,15,19,45,50,15,31,14,13,37,7,19,13,16,24,26,9,27,8,3,9,10,9,6,35,27,7,17,17,12,6,11,9,2,33,21,20,12,13,4,52,7,21,1,15,17,4,20,5,2,3,5,6,3,10,1,16,5,8,0,4,0,0,0,29,1,13,2,14,0,10,1,2,0,15,12,15,0,0,6,1,10,2,8,0,3,0,0,0,2,0,0,0,0,2,5,0,0,0,0,2,0,0,0,0,0,0,0
34,27,33,27,31,30,25,36,55,19,25,21,23,32,27,32,27,16,32,26,18,22,44,63,14,45,17,16,33,7,21,22,17,19,18,10,22,15,18,6,17,5,7,20,25,11,13,45,58,1,39,5,4,19,31,9,9,12,7,78,6,9,8,1,8,6,16,19,14,0,19,4,4,2,3,7,5,7,6,24,0,2,2,19,10,0,7,4,4,105,1,0,0,6,2,8,1,1,1,0,0,2,4,4,40,0,0,0,0,0,3,1,0,10,0,0,0,0,0,0,0,0,0,0,0,0,0
35,28,32,29,31,27,28,44,48,39,35,32,25,38,34,34,31,15,30,21,17,18,39,69,17,38,21,11,40,33,35,35,14,30,12,13,20,34,57,8,28,11,9,21,18,10,7,39,72,3,40,3,4,15,35,11,18,9,1,70,12,2,5,14,9,4,10,36,54,2,31,2,4,13,26,9,7,4,0,45,3,1,2,11,31,4,15,2,0,83,0,0,0,33,1,0,1,0,9,20,4,4,2,0,51,0,0,0,21,0,0,0,0,32,0,0,0,0,0,18,0,0,0,0,0,0,0
33,27,29,29,29,26,29,41,53,56,40,46,23,42,31,28,30,14,29,26,25,21,46,73,14,38,20,12,47,62,33,44,11,46,33,20,27,64,131,11,53,6,14,12,19,15,7,44,77,7,46,5,5,19,36,12,20,8,0,101,12,9,4,22,19,4,13,83,146,4,61,1,2,11,37,20,13,3,0,179,1,10,0,3,9,4,13,2,0,133,4,4,4,16,0,0,0,6,0,2,8,1,2,0,253,0,0,0,0,0,0,0,0,8,0,0,0,4,0,0,0,0,0,0,0,0,0
33,27,28,31,30,24,30,45,54,51,36,43,22,32,25,25,22,20,33,24,25,20,29,70,17,32,24,10,63,46,38,43,21,56,29,34,34,49,107,11,47,7,1,24,15,13,13,19,42,7,24,5,2,23,74,4,23,8,0,68,7,6,5,67,28,30,28,40,85,2,57,4,0,37,82,6,31,3,0,121,2,0,0,15,25,0,16,0,0,49,1,0,2,49,0,0,0,4,34,53,0,47,0,0,108,2,0,0,74,0,0,0,0,31,0,0,0,0,0,74,0,0,0,0,0,0,0
32,28,27,28,31,23,30,46,49,32,27,42,26,34,16,22,23,30,15,21,22,27,21,54,18,23,26,8,58,22,31,41,26,19,15,26,34,13,67,3,38,8,1,11,13,18,28,4,24,4,14,9,5,2,35,5,7,8,0,39,5,3,5,23,19,28,31,2,30,1,32,2,0,0,19,4,11,2,0,49,0,0,1,1,22,2,6,2,0,0,0,0,1,0,0,0,0,3,0,19,2,11,0,0,0,0,0,0,0,0,0,0,0,0,0,0,0,0,0,0,0,0,0,0,0,0,0
33,28,28,25,28,24,27,45,43,19,22,29,28,31,12,19,25,26,11,22,17,30,22,39,17,24,16,10,45,10,21,31,28,5,23,20,39,7,22,2,17,5,6,2,15,12,42,6,19,2,21,2,10,8,7,5,14,5,4,24,11,7,2,0,25,17,47,1,17,0,21,1,7,5,2,1,22,2,3,1,1,0,0,0,3,1,14,0,5,13,1,2,0,0,4,2,0,3,0,0,0,22,0,6,1,0,0,0,0,1,0,0,0,0,0,2,0,0,0,0,0,0,0,0,0,0,0
34,27,27,21,25,23,29,46,53,12,24,29,30,28,14,17,21,22,6,17,14,35,18,27,20,24,20,19,39,7,16,20,28,3,17,18,45,9,12,6,18,13,13,1,10,12,38,8,9,4,17,4,9,3,8,3,15,9,7,18,8,20,10,1,16,20,36,5,4,4,11,8,11,2,2,3,19,13,10,7,2,9,4,0,1,1,13,5,9,4,0,8,2,5,2,3,4,5,0,1,1,22,12,13,0,0,8,5,1,2,2,7,1,0,0,1,4,0,2,0,0,1,10,0,1,0,0
34,28,25,19,27,22,29,48,53,13,25,21,27,34,12,11,20,23,7,17,11,29,18,15,11,28,24,22,60,12,11,19,24,5,19,18,33,12,7,2,17,9,10,3,7,14,23,6,5,3,9,4,15,4,7,4,9,14,8,12,4,8,15,3,8,18,31,7,4,3,6,3,13,4,4,3,7,10,9,11,1,2,2,1,3,3,5,4,13,3,1,3,4,4,1,4,4,4,1,3,3,5,5,15,3,1,3,3,4,1,3,3,1,1,1,3,4,1,1,1,1,3,5,1,1,1,1
33,29,27,20,30,27,30,53,54,16,17,16,21,32,12,9,18,25,5,23,21,22,21,17,14,33,20,24,55,14,8,17,21,5,18,11,24,8,4,2,3,3,13,5,8,12,11,7,6,5,5,4,17,3,4,2,20,4,7,9,4,9,12,5,8,6,7,5,3,3,0,3,14,5,2,1,3,2,4,0,0,2,0,2,3,3,5,2,5,1,0,6,4,1,0,2,1,2,3,2,2,0,2,2,0,0,3,0,0,0,1,0,0,1,0,2,1,0,0,0,0,2,0,0,0,0,0
34,27,26,17,29,27,30,54,53,13,17,14,26,31,7,9,13,21,13,23,18,20,16,13,12,36,19,25,60,9,8,11,27,13,18,10,26,7,3,3,11,5,9,3,8,12,7,3,3,2,6,4,6,14,8,0,25,5,10,9,3,5,19,3,11,8,13,4,3,4,3,2,3,4,3,0,8,4,5,2,0,0,6,3,3,0,8,2,3,2,0,0,3,13,0,0,5,0,3,3,0,4,1,2,1,0,0,2,4,0,0,4,0,3,0,0,2,0,0,3,0,0,1,0,0,0,0
33,27,27,21,29,26,32,52,37,8,11,7,27,31,5,12,11,25,17,18,17,19,28,21,15,26,28,29,43,7,8,5,19,9,3,5,17,3,3,2,3,7,5,5,3,10,12,2,1,2,7,13,11,16,4,1,15,4,11,14,17,9,20,4,0,5,8,0,2,4,2,8,3,2,2,0,0,0,3,0,0,0,4,1,1,0,4,1,6,1,0,0,9,4,2,0,3,8,0,2,0,0,0,3,0,0,0,2,0,0,0,0,0,0,0,0,1,0,0,0,0,0,0,0,0,0,0
33,28,27,26,29,21,30,49,37,13,20,8,29,31,15,19,14,26,22,15,14,21,30,19,19,29,28,21,40,5,11,5,16,12,4,4,14,8,3,9,7,19,4,12,3,9,15,8,4,7,7,10,14,17,10,13,12,9,7,19,17,8,20,6,0,6,4,1,1,0,6,6,2,4,0,9,0,1,0,2,6,2,6,2,5,0,0,0,2,1,7,1,6,6,9,3,6,4,0,0,0,0,0,0,1,0,0,4,0,4,0,0,2,0,0,0,0,0,0,0,0,0,0,0,0,0,0
34,28,26,27,28,19,30,43,29,16,23,7,33,31,22,21,11,25,26,18,12,22,33,27,30,22,28,19,25,7,17,2,17,6,7,5,11,14,6,16,5,16,5,21,7,5,15,14,11,12,5,16,5,17,18,22,13,12,11,31,30,27,24,2,0,1,7,3,0,5,0,8,0,3,4,6,2,2,2,6,12,8,5,3,5,6,2,3,1,7,5,3,4,20,16,19,14,36,0,0,2,0,0,0,0,1,0,0,3,4,4,2,8,2,0,1,0,2,23,0,0,0,0,0,4,0,0
30,27,25,25,28,20,30,34,35,15,20,14,24,28,18,21,11,24,23,15,12,25,31,30,33,25,25,16,25,7,12,4,16,12,13,11,9,12,16,7,10,14,7,23,9,10,16,10,10,15,8,17,7,14,13,25,14,13,11,40,31,26,21,7,6,6,7,3,2,3,3,9,3,5,7,6,7,3,5,15,4,9,5,11,10,19,7,11,9,7,11,9,7,19,22,17,16,38,2,3,4,4,2,4,0,0,2,2,3,1,4,3,7,9,18,13,10,10,29,0,0,3,2,0,1,17,0
32,24,28,25,28,22,29,24,44,19,26,17,24,27,14,18,9,18,27,20,8,24,30,28,26,22,25,16,30,6,10,6,9,21,29,12,23,14,19,16,11,16,11,16,11,4,10,10,3,7,6,11,2,13,7,19,8,17,8,23,24,25,11,13,10,9,11,4,3,3,5,3,3,11,8,13,12,19,14,12,15,16,9,7,4,7,3,7,4,1,6,1,1,8,10,7,9,22,7,7,9,8,8,9,2,2,2,3,8,8,8,14,12,3,5,4,3,1,8,6,6,7,8,2,8,3,6
31,25,27,25,29,22,30,27,41,25,30,15,16,23,16,16,10,22,19,22,10,20,28,23,24,29,24,18,24,12,10,5,4,20,28,8,13,19,8,8,15,6,6,15,9,3,8,10,2,10,8,8,6,13,2,11,12,10,4,22,17,16,16,11,7,2,3,5,2,2,4,2,3,12,2,7,10,6,4,9,5,6,5,7,1,8,3,5,1,2,6,1,1,3,7,1,4,16,2,2,2,2,2,2,2,2,2,2,3,3,2,6,7,1,6,1,1,1,2,2,2,2,2,2,3,1,2
31,24,24,26,30,24,30,33,40,16,25,26,23,18,17,20,14,20,18,16,14,18,27,26,19,28,32,18,27,7,13,12,11,10,12,11,13,11,16,7,31,17,11,10,6,6,8,15,11,7,8,15,7,8,8,10,6,15,6,19,17,15,17,4,2,9,4,3,3,3,8,9,4,5,3,3,5,6,0,14,5,4,15,6,3,4,2,5,1,5,9,4,5,2,7,4,1,12,1,1,0,1,1,0,3,2,2,4,1,2,0,0,3,2,5,2,1,4,1,1,0,0,0,2,0,1,0
31,24,21,26,30,28,31,34,23,16,35,27,26,17,15,25,15,24,16,16,18,19,26,36,18,27,37,24,14,7,25,7,19,8,2,9,7,15,20,5,33,30,15,5,8,15,9,15,8,7,12,22,8,8,12,12,3,16,11,21,19,15,25,4,1,7,3,5,2,3,1,19,3,1,7,1,0,3,1,5,9,1,24,1,4,1,3,7,4,7,10,1,8,1,10,5,4,10,0,4,0,0,2,0,0,6,0,1,0,1,1,0,0,0,1,0,2,1,1,0,0,0,0,0,0,0,0
29,24,20,26,30,27,34,24,18,24,34,35,31,15,17,21,15,30,14,16,17,19,29,38,31,31,40,31,7,5,13,6,23,6,9,9,10,22,43,17,47,26,13,7,11,12,13,12,9,15,10,22,15,8,9,6,3,16,14,31,29,33,26,0,7,2,4,2,1,3,5,11,2,0,7,1,2,7,0,38,17,15,16,5,4,4,3,12,12,10,14,11,12,0,6,1,4,26,0,0,0,2,4,0,2,2,1,3,0,0,0,0,15,0,6,0,4,10,0,0,0,0,0,2,0,0,0
29,25,23,25,30,26,34,29,20,38,38,44,32,17,22,18,16,28,17,16,19,23,33,45,31,36,30,35,12,21,12,20,23,6,10,15,18,56,87,15,67,17,21,8,9,9,13,19,18,23,12,16,15,9,9,12,11,20,18,67,21,31,20,3,8,10,11,14,24,11,10,7,12,3,12,7,9,12,12,125,4,18,8,5,2,6,4,11,7,21,13,16,9,2,5,6,16,22,3,6,4,8,9,8,17,4,9,5,6,4,8,9,5,2,2,3,6,13,3,6,4,5,8,5,5,3,5
30,25,22,25,31,26,36,35,22,42,31,45,32,14,29,24,20,24,16,18,14,28,30,56,36,33,29,19,18,30,21,22,27,6,12,10,11,39,143,16,41,14,8,9,9,8,8,22,39,26,21,16,7,11,10,21,9,21,10,60,21,20,18,6,11,8,8,29,57,21,28,10,3,2,4,3,3,7,2,107,5,4,6,4,7,8,4,7,2,48,11,12,8,7,14,9,9,19,2,4,2,3,7,0,79,4,2,3,0,1,2,0,3,4,4,4,2,12,9,0,2,0,0,2,0,4,0
30,28,23,26,32,26,34,39,19,38,29,47,33,17,29,31,19,28,13,16,16,20,27,61,33,31,40,26,19,33,35,31,41,0,2,0,10,24,121,32,35,27,30,8,10,7,9,21,40,26,17,25,17,7,16,11,9,11,13,42,21,34,18,0,4,0,12,28,57,38,31,35,37,0,0,0,0,2,0,39,22,45,25,6,12,4,7,5,3,24,19,29,11,9,6,10,6,13,0,0,0,0,4,0,42,34,47,34,0,0,0,0,26,9,1,6,0,14,2,0,0,0,0,34,0,0,0
27,25,21,25,33,25,34,38,18,38,32,49,37,17,27,27,27,28,11,14,13,18,31,57,35,30,40,23,15,40,26,64,52,7,15,9,14,27,103,47,35,28,56,8,7,11,10,17,47,39,16,23,31,6,18,10,9,5,6,56,21,38,10,7,11,11,9,21,85,69,30,37,100,3,11,6,12,5,3,60,18,101,15,4,15,6,10,1,5,17,28,49,15,8,3,10,2,9,3,11,6,14,1,3,30,43,126,39,6,2,9,2,18,8,2,9,2,19,4,6,2,9,2,46,4,4,4
25,25,21,24,33,26,33,29,21,38,23,42,30,19,26,16,26,28,9,16,10,18,25,64,27,32,31,27,11,49,7,45,37,6,17,14,7,25,94,36,25,16,34,9,7,5,7,11,60,32,8,8,32,5,4,4,11,11,1,60,6,42,8,7,5,10,0,14,111,72,6,4,72,5,5,0,16,8,1,64,5,84,2,7,3,3,1,0,0,17,1,76,1,2,0,0,1,3,7,4,0,2,0,0,24,1,186,0,4,0,0,1,2,2,0,0,0,0,0,4,0,0,0,0,0,0,0
26,28,21,24,31,27,34,23,32,37,23,54,26,15,26,24,21,29,9,15,15,19,25,59,26,35,33,30,10,33,7,32,28,7,15,20,16,30,100,31,27,11,43,7,7,8,8,11,39,27,10,11,23,4,4,4,5,11,9,44,8,46,20,3,2,8,3,11,64,49,5,3,53,0,3,0,5,8,11,58,5,83,9,4,3,4,2,0,4,12,3,48,2,0,0,0,2,8,0,3,0,0,0,5,14,4,108,2,0,0,0,2,7,0,0,0,0,3,0,0,0,0,0,4,0,0,0
25,29,19,24,33,27,32,24,37,25,26,36,29,17,25,30,21,32,15,8,24,15,31,51,23,36,33,24,20,16,16,18,20,9,10,61,21,18,39,21,22,14,27,12,0,12,8,19,16,20,17,23,17,0,9,10,5,4,7,53,16,28,20,4,0,28,10,7,13,15,7,6,17,0,12,6,7,6,24,29,10,28,7,0,5,10,0,0,6,10,10,15,13,0,0,4,0,16,0,6,4,0,0,18,4,4,16,2,0,0,12,0,8,0,0,4,0,8,0,0,0,8,0,2,0,0,0
25,28,21,24,34,27,32,27,26,24,32,28,30,26,23,32,19,38,14,25,24,14,23,49,23,30,34,22,26,15,16,16,25,5,15,33,11,18,36,17,19,18,14,7,17,15,21,10,18,20,10,28,16,6,19,11,7,9,7,35,14,24,12,2,2,27,12,6,15,10,3,10,9,2,4,1,2,0,4,26,12,19,8,3,3,9,2,12,7,5,11,9,9,6,4,9,2,13,0,3,1,2,0,5,3,5,6,0,1,0,2,0,13,0,6,2,4,4,0,0,0,2,0,0,0,0,0
26,29,22,26,30,26,31,30,27,25,28,16,28,23,24,25,20,39,22,21,29,22,24,42,21,21,29,31,25,22,17,12,24,10,19,16,23,18,15,18,10,17,16,11,10,13,29,14,12,19,11,26,19,11,31,8,14,10,17,20,13,17,15,6,11,12,23,7,7,13,7,13,12,8,3,8,8,9,17,8,9,11,10,3,4,8,8,14,14,5,11,8,11,4,3,5,8,10,1,1,7,8,9,16,3,3,4,7,1,3,1,8,8,1,3,1,8,6,1,1,1,1,8,3,1,1,1
28,30,20,26,27,26,31,37,23,16,24,16,32,23,25,23,28,36,24,18,19,19,25,36,19,24,21,31,28,13,18,9,33,14,14,4,20,12,3,10,7,13,11,12,10,3,23,10,22,16,15,13,30,17,19,7,7,6,10,21,6,19,16,13,7,2,25,5,0,8,5,7,7,8,1,5,2,4,2,0,6,0,9,5,1,6,1,4,3,7,4,21,11,5,3,9,2,3,3,0,5,1,2,1,0,4,0,5,0,3,0,2,0,0,3,1,1,3,0,0,3,0,1,0,0,0,0
27,31,20,26,26,25,31,29,27,15,22,12,28,29,21,21,25,27,16,16,15,21,23,37,24,27,20,26,44,9,8,2,26,5,13,1,25,8,3,14,1,12,8,5,12,11,23,9,21,14,14,9,19,13,16,7,12,8,12,26,16,18,16,1,6,0,39,3,0,6,0,4,2,3,1,4,0,3,1,0,11,3,0,5,10,3,12,4,11,12,5,13,13,11,7,10,11,12,1,0,1,0,1,0,0,3,0,0,0,3,1,0,0,11,3,9,11,10,9,0,1,0,0,0,0,9,0
28,32,21,28,28,25,31,32,32,17,24,4,31,22,24,23,20,25,17,17,12,22,26,39,25,26,28,17,39,14,9,0,26,8,19,4,30,7,1,18,5,13,5,8,8,0,20,6,16,15,15,11,9,12,12,11,7,9,3,29,18,11,11,11,7,0,40,0,0,11,0,1,0,4,2,5,3,8,2,1,5,1,5,3,0,4,0,4,0,7,7,10,6,8,9,3,1,6,0,0,2,0,2,0,0,0,0,0,1,4,2,1,1,0,3,0,0,5,1,0,0,0,0,0,1,0,0
28,30,23,27,27,24,30,23,32,12,32,4,21,32,25,26,24,29,18,24,9,21,29,36,25,19,25,11,45,7,14,1,15,10,25,3,21,9,2,7,4,9,0,14,21,6,23,12,34,19,9,22,10,15,5,12,10,16,1,18,15,10,5,10,21,2,32,1,0,6,0,7,0,4,1,4,1,10,0,2,0,0,0,8,3,10,6,10,1,7,7,7,3,6,6,0,1,4,0,0,8,0,12,0,0,0,0,0,1,0,0,0,0,3,2,0,1,0,0,0,0,0,0,0,0,0,0
28,33,22,25,27,24,28,45,34,12,29,5,18,35,23,37,21,32,22,24,11,15,28,29,22,14,19,19,75,5,29,3,21,9,19,6,17,15,3,6,5,3,2,14,15,12,20,19,26,16,9,18,5,12,14,15,7,7,1,9,9,10,0,4,19,3,44,2,0,1,3,3,0,3,2,1,4,0,1,3,0,2,0,7,19,6,3,3,0,5,13,4,0,8,3,1,0,0,0,0,0,2,0,0,0,0,0,0,3,0,1,0,0,1,5,0,0,0,0,0,0,0,0,0,0,0,0
27,33,21,26,28,24,27,55,39,16,29,9,19,35,27,31,17,28,16,29,16,14,45,29,16,18,17,12,107,17,31,7,18,12,22,11,18,28,15,5,11,11,3,9,20,8,14,29,19,6,13,12,4,18,14,6,11,13,3,47,3,7,0,7,22,7,28,18,11,3,8,9,1,10,10,1,10,12,1,38,1,2,0,6,8,0,8,7,0,29,1,2,0,9,2,2,0,0,7,6,0,7,9,0,22,1,1,0,8,0,1,0,0,7,0,0,0,0,0,6,0,0,0,0,0,0,0
23,33,20,27,28,23,26,54,45,16,23,7,12,35,26,32,19,22,14,26,14,16,50,33,16,20,17,15,120,18,40,5,13,6,43,4,6,16,1,4,0,6,3,6,36,4,9,32,23,6,16,10,7,17,9,6,5,9,4,44,11,8,2,7,101,1,5,14,1,5,0,6,4,7,1,3,0,4,0,0,5,0,0,5,1,3,3,2,0,41,6,1,1,5,6,2,0,1,7,1,3,0,3,0,0,5,0,0,0,4,0,0,0,0,2,0,0,1,0,0,3,0,0,0,0,0,0
